; Default config is suitable for this program.
; Stock size: 500, 250, 50

%
O0001
G90 G94 G17 G49 G40 G80
G21

T1 M6
S5000 M3
G17 G90 G94
M8
G0 X54.051 Y123.981
G43 Z50. H1
G0 Z5.

; Ramp in to draw 'G'

G3 X50.624 Y123.333 I-1.407 J-1.943 F1000.
X51.466 Y119.952 I2.018 J-1.293
X54.79 Y120.984 I1.175 J2.086
X53.572 Y124.241 I-2.147 J1.053
X50.393 Y122.84 I-0.928 J-2.202
X51.97 Y119.749 I2.249 J-0.8
X54.964 Y121.499 I0.67 J2.288
X53.048 Y124.384 I-2.321 J0.538
X50.279 Y122.31 I-0.405 J-2.345
X52.506 Y119.666 I2.362 J-0.27
X55.016 Y122.037 I0.135 J2.371
X50.266 I-2.375 J0.
X55.016 I2.375 J0.
G1 X55.363 Y124.449
X55.458 Y125.051
X55.345 Y125.792
X55.003 Y126.46
X53.985 Y127.562
X52.568 Y128.054
X51.07 Y127.996
X49.656 Y127.495
X48.423 Y126.64
X47.44 Y125.507
X46.76 Y124.17
X46.421 Y122.709
X46.439 Y121.209
X46.814 Y119.757
X47.524 Y118.435
X48.529 Y117.321
X49.769 Y116.478
X51.175 Y115.954
X52.665 Y115.78
X54.153 Y115.965
X55.555 Y116.5
X56.789 Y117.352
X57.785 Y118.474
X58.485 Y119.801
X59.116 Y122.154
X59.417 Y124.573
X59.294 Y126.068
X58.846 Y127.499
X57.892 Y129.142
X56.877 Y130.246
X55.344 Y131.235
X53.938 Y131.757
X52.028 Y132.003
X50.134 Y131.832
X48.383 Y131.276
X46.533 Y130.205
X44.918 Y128.722
X43.647 Y126.907
X42.794 Y124.848
X42.405 Y122.653
X42.497 Y120.461
X43.052 Y118.375
X44.066 Y116.415
X45.5 Y114.694
X47.272 Y113.324
X49.297 Y112.369
X51.481 Y111.874
X53.72 Y111.862
X55.91 Y112.334
X57.948 Y113.268
X59.719 Y114.607
X61.134 Y116.268
X62.198 Y118.27
X62.849 Y120.618
X63.275 Y123.018
X63.399 Y125.372
X63.014 Y127.686
X62.105 Y129.947
X60.803 Y131.951
X59.165 Y133.562
X57.1 Y134.855
X54.939 Y135.649
X52.524 Y135.975
X50.09 Y135.862
X47.721 Y135.291
X45.507 Y134.273
X43.49 Y132.906
X41.74 Y131.209
X40.971 Y130.075
X40.93 Y130.003
X40.902 Y129.925
X40.887 Y129.843
X40.214 Y122.994
X40.807 Y115.868
X41.007 Y114.381
X41.895 Y112.866
X43.552 Y111.079
X45.538 Y109.667
X47.766 Y108.681
X50.125 Y108.067
X52.551 Y107.835
X54.982 Y107.993
X57.35 Y108.569
X59.554 Y109.61
X61.576 Y110.969
X63.35 Y112.641
X64.825 Y114.58
X65.366 Y115.665
X65.4 Y115.754
X65.417 Y115.847
X65.416 Y115.941
X65.315 Y116.975
X64.878 Y123.616
X64.853 Y124.17
X64.957 Y125.83
X65.277 Y129.704
X65.326 Y131.204
X64.873 Y132.697
X64.018 Y134.217
X62.393 Y136.033
X60.457 Y137.513
X58.338 Y138.717
X56.029 Y139.497
X53.621 Y139.871
X51.185 Y139.946
X48.761 Y139.703
X46.405 Y139.078
X44.186 Y138.071
X42.095 Y136.82
X41.804 Y136.591
X41.719 Y136.507
X41.657 Y136.405
X41.621 Y136.291
X41.421 Y135.239
X40.887 Y129.843
X40.885 Y129.786
X40.881 Y129.058
X40.81 Y116.653
X40.806 Y115.923
Y115.895
X40.807 Y115.868
X41.178 Y111.441
X41.248 Y110.887
X41.46 Y109.78
X41.816 Y108.323
X42.683 Y107.099
X44.328 Y105.856
X46.543 Y104.842
X48.909 Y104.255
X51.322 Y103.916
X53.758 Y103.874
X56.183 Y104.122
X58.537 Y104.751
X60.761 Y105.747
X62.86 Y106.985
X64.8 Y108.459
X66.323 Y109.958
X66.42 Y110.091
X66.468 Y110.247
X66.463 Y110.411
X65.48 Y115.386
X65.416 Y115.941
G3 X64.168 Y116.767 I-0.99 J-0.14
G1 X42.19 Y110.9
G3 X41.46 Y109.78 I0.258 J-0.966
G1 X41.566 Y109.227
X42.715 Y104.246
X42.92 Y103.524
X43.743 Y102.27
X44.968 Y101.405
X47.232 Y100.503
X49.636 Y100.103
X52.062 Y99.874
X54.499 Y99.895
X56.918 Y100.184
X59.274 Y100.807
X61.544 Y101.693
X63.708 Y102.815
X65.761 Y104.127
X67.555 Y105.539
X67.667 Y105.662
X67.732 Y105.815
X67.743 Y105.982
X67.699 Y106.142
X67.295 Y107.013
X67.03 Y107.636
X66.587 Y109.785
X66.463 Y110.411
G3 X65.234 Y111.15 I-0.974 J-0.228
G1 X43.442 Y105.403
G3 X42.715 Y104.246 I0.255 J-0.967
G1 X43.736 Y99.818
X43.806 Y99.514
X43.864 Y99.265
X43.96 Y98.936
X43.971 Y98.912
X43.91 Y100.049
G3 X43.864 Y99.265 I1.507 J-0.482
G1 X43.929 Y99.001
X43.974 Y98.904
X44.359 Y98.26
X45.472 Y97.255
X47.281 Y96.49
X49.678 Y96.049
X52.107 Y95.859
X54.544 Y95.899
X56.967 Y96.156
X59.349 Y96.67
X61.667 Y97.422
X63.907 Y98.381
X66.053 Y99.536
X68.09 Y100.875
X69.286 Y101.812
X69.398 Y101.935
X69.463 Y102.088
X69.475 Y102.255
X69.431 Y102.416
X67.699 Y106.142
G3 X66.519 Y106.683 I-0.907 J-0.421
G1 X44.612 Y100.454
G3 X43.887 Y99.54 I0.274 J-0.962
G1 Y99.532
G3 X44.045 Y98.771 I1.581 J-0.068
G1 X46.429 Y94.284
X46.813 Y93.64
X47.99 Y92.709
X49.815 Y92.09
X52.237 Y91.824
X54.672 Y91.908
X57.098 Y92.143
X59.492 Y92.598
X61.839 Y93.255
X64.124 Y94.101
X66.338 Y95.119
X68.467 Y96.305
X70.486 Y97.67
X71.186 Y98.234
X71.305 Y98.374
X71.366 Y98.548
X71.36 Y98.732
X71.288 Y98.901
X71.013 Y99.313
X70.46 Y100.231
X70.381 Y100.372
X69.431 Y102.416
G3 X68.216 Y102.91 I-0.892 J-0.453
G1 X47.005 Y95.668
G3 X46.429 Y94.284 I0.323 J-0.946
G1 X48.487 Y90.409
X49.256 Y89.122
X50.537 Y88.342
X52.315 Y87.923
X54.752 Y87.889
X57.176 Y88.134
X59.58 Y88.533
X61.946 Y89.118
X64.264 Y89.87
X66.524 Y90.781
X68.719 Y91.84
X70.834 Y93.05
X72.838 Y94.438
X73.407 Y94.951
X73.515 Y95.091
X73.568 Y95.26
X73.559 Y95.437
X73.488 Y95.6
X71.288 Y98.901
G3 X70.142 Y99.26 I-0.812 J-0.583
G1 X49.052 Y91.79
G3 X48.487 Y90.409 I0.334 J-0.943
G1 X49.375 Y88.749
X49.751 Y88.196
X50.161 Y87.642
X51.422 Y85.982
X52.387 Y84.834
X53.757 Y84.224
X55.897 Y83.986
X58.32 Y84.246
X60.719 Y84.673
X63.078 Y85.282
X65.397 Y86.032
X67.665 Y86.924
X69.875 Y87.95
X72.019 Y89.109
X74.079 Y90.411
X75.652 Y91.601
X75.806 Y91.78
X75.888 Y91.915
X75.924 Y92.069
X75.91 Y92.226
X75.848 Y92.371
X75.744 Y92.49
X75.439 Y92.752
X75.258 Y92.965
X75.105 Y93.177
X73.488 Y95.6
G3 X72.293 Y95.94 I-0.812 J-0.583
G1 X51.856 Y87.482
G3 X51.422 Y85.982 I0.382 J-0.924
G1 X54.362 Y82.108
X55.328 Y80.96
X56.734 Y80.436
X58.692 Y80.303
X61.101 Y80.667
X63.469 Y81.246
X65.802 Y81.95
X68.092 Y82.782
X70.333 Y83.739
X72.52 Y84.815
X74.643 Y86.011
X76.688 Y87.337
X78.07 Y88.421
X78.855 Y89.377
X78.935 Y89.513
X78.968 Y89.668
X78.951 Y89.826
X78.885 Y89.97
X78.778 Y90.087
X75.993 Y92.284
X75.744 Y92.49
G3 X74.722 Y92.609 I-0.611 J-0.792
G1 X54.768 Y83.596
G3 X54.362 Y82.108 I0.412 J-0.911
G1 X56.822 Y78.871
X56.917 Y78.787
X58.288 Y77.83
X59.559 Y77.033
X61.045 Y76.831
X63.469 Y77.081
X65.806 Y77.771
X68.124 Y78.523
X70.397 Y79.401
X72.625 Y80.39
X74.801 Y81.487
X76.913 Y82.703
X78.951 Y84.04
X80.805 Y85.481
X81.843 Y86.732
X82.015 Y87.068
X82.067 Y87.237
X82.056 Y87.414
X81.985 Y87.576
X81.861 Y87.703
X81.526 Y87.942
X79.312 Y89.665
X78.778 Y90.087
G3 X77.703 Y90.156 I-0.592 J-0.806
G1 X58.405 Y79.504
G3 X58.288 Y77.83 I0.483 J-0.875
G1 X62.714 Y74.737
X63.985 Y73.941
X65.479 Y73.806
X67.886 Y74.188
X70.177 Y75.018
X72.443 Y75.915
X74.662 Y76.922
X76.83 Y78.034
X78.939 Y79.256
X80.981 Y80.586
X82.925 Y82.055
X84.562 Y83.709
X85.362 Y84.978
X85.447 Y85.236
X85.472 Y85.406
X85.438 Y85.575
X85.349 Y85.722
X85.215 Y85.83
X81.946 Y87.642
X81.861 Y87.703
G3 X80.776 Y87.716 I-0.552 J-0.834
G1 X62.782 Y76.383
G3 X62.714 Y74.737 I0.533 J-0.846
G1 X66.587 Y72.032
X67.14 Y71.731
X68.492 Y71.082
X69.991 Y71.018
X72.374 Y71.531
X74.61 Y72.498
X76.824 Y73.517
X78.983 Y74.647
X81.085 Y75.879
X83.127 Y77.21
X85.08 Y78.667
X86.865 Y80.326
X88.3 Y82.096
X88.893 Y83.282
X88.942 Y83.442
X88.938 Y83.609
X88.879 Y83.766
X88.774 Y83.896
X88.632 Y83.985
X87.612 Y84.512
X86.505 Y85.114
X85.215 Y85.83
G3 X84.176 Y85.75 I-0.454 J-0.891
G1 X67.064 Y73.403
G3 X67.14 Y71.731 I0.585 J-0.811
G1 X68.414 Y71.039
X72.12 Y69.219
X73.498 Y68.626
X74.998 Y68.644
X77.345 Y69.297
X79.515 Y70.406
X81.66 Y71.563
X83.747 Y72.822
X85.776 Y74.17
X87.715 Y75.648
X89.495 Y77.311
X91.084 Y79.159
X92.183 Y80.917
X92.685 Y82.331
X92.698 Y82.559
X92.678 Y82.731
X92.601 Y82.885
X92.476 Y83.005
X92.318 Y83.074
X88.967 Y83.896
X88.632 Y83.985
G3 X87.768 Y83.787 I-0.231 J-0.973
G1 X71.959 Y70.875
G3 X72.12 Y69.219 I0.633 J-0.775
G1 X77.099 Y66.775
X77.432 Y66.611
X77.653 Y66.503
X78.082 Y66.323
X78.114 Y66.316
X77.074 Y67.034
X77.653 Y66.503
X77.929 Y66.368
X78.068 Y66.325
X78.206 Y66.296
X78.946 Y66.176
X80.821 Y66.642
X83.003 Y67.727
X85.103 Y68.963
X87.156 Y70.276
X89.142 Y71.689
X91.027 Y73.233
X92.77 Y74.936
X94.329 Y76.809
X95.623 Y78.874
X96.339 Y80.676
X96.489 Y81.607
Y81.765
X96.44 Y81.915
X96.347 Y82.042
X96.218 Y82.134
X96.068 Y82.181
X95.911 Y82.204
X92.318 Y83.074
G3 X91.354 Y82.789 I-0.237 J-0.972
G1 X77.497 Y68.13
G3 X77.748 Y66.563 I0.727 J-0.687
G1 X78.266 Y66.283
X83.739 Y65.116
X85.219 Y64.877
X87.169 Y65.565
X89.238 Y66.853
X91.226 Y68.262
X93.133 Y69.78
X94.924 Y71.432
X96.576 Y73.224
X98.056 Y75.16
X99.312 Y77.248
X100.179 Y79.526
X100.399 Y81.009
X100.372 Y81.346
X100.328 Y81.515
X100.23 Y81.658
X100.088 Y81.758
X99.92 Y81.804
X96.464 Y82.123
X96.068 Y82.181
G3 X95.174 Y81.809 I-0.111 J-0.994
G1 X83.198 Y66.707
G3 X83.739 Y65.116 I0.784 J-0.621
G1 X88.718 Y64.054
X89.271 Y63.961
X90.763 Y63.799
X92.273 Y64.316
X94.354 Y65.584
X96.215 Y67.158
X97.992 Y68.825
X99.623 Y70.636
X101.11 Y72.566
X102.414 Y74.625
X103.464 Y76.824
X104.191 Y79.06
X104.351 Y80.705
X104.312 Y81.028
X104.256 Y81.205
X104.139 Y81.349
X103.978 Y81.441
X103.794 Y81.467
X103.657 Y81.461
X99.92 Y81.804
G3 X99.026 Y81.354 I-0.057 J-0.998
G1 X88.635 Y65.488
G3 X89.271 Y63.961 I0.837 J-0.548
G1 X90.378 Y63.785
X90.931 Y63.717
X95.358 Y63.381
X96.857 Y63.342
X98.237 Y63.93
X100.209 Y65.361
X101.871 Y67.144
X103.441 Y69.008
X104.87 Y70.982
X106.139 Y73.062
X107.15 Y75.28
X107.923 Y77.591
X108.302 Y79.839
X108.223 Y81.346
X108.148 Y81.493
X108.028 Y81.608
X107.878 Y81.677
X107.713 Y81.693
X105.317 Y81.534
X103.794 Y81.467
G3 X102.986 Y80.933 I0.079 J-0.997
G1 X94.582 Y64.838
G3 X95.358 Y63.381 I0.886 J-0.463
G1 X100.89 Y62.961
X102.39 Y62.922
X103.717 Y63.622
X105.55 Y65.227
X107.051 Y67.147
X108.46 Y69.135
X109.701 Y71.232
X110.712 Y73.45
X111.533 Y75.745
X112.094 Y78.116
X112.307 Y80.415
X112.165 Y81.539
X112.106 Y81.72
X111.982 Y81.866
X111.814 Y81.955
X111.624 Y81.974
X110.849 Y81.906
X107.713 Y81.693
G3 X106.889 Y81.075 I0.103 J-0.995
G1 X100.075 Y64.332
G3 X100.89 Y62.961 I0.926 J-0.377
G1 X101.444 Y62.919
X101.997 Y62.892
X103.657 Y62.877
X106.423 Y63.02
X107.915 Y63.172
X109.218 Y63.915
X110.946 Y65.634
X112.266 Y67.682
X113.48 Y69.796
X114.452 Y72.03
X115.273 Y74.325
X115.873 Y76.687
X116.222 Y79.098
X116.239 Y81.164
X115.963 Y82.461
X115.903 Y82.614
X115.797 Y82.739
X115.656 Y82.823
X115.496 Y82.857
X115.333 Y82.837
X112.739 Y82.076
X111.624 Y81.974
G3 X110.795 Y81.282 I0.125 J-0.992
G1 X105.453 Y64.32
G3 X106.423 Y63.02 I0.954 J-0.3
G1 X111.662 Y63.29
X113.154 Y63.443
X114.414 Y64.257
X115.939 Y65.985
X117.12 Y68.117
X118.083 Y70.355
X118.923 Y72.643
X119.579 Y74.99
X120.034 Y77.384
X120.26 Y79.81
X120.159 Y82.078
X119.77 Y83.527
X119.673 Y83.707
X119.568 Y83.84
X119.425 Y83.93
X119.259 Y83.968
X119.091 Y83.948
X115.333 Y82.837
G3 X114.674 Y82.11 I0.317 J-0.948
G1 X110.67 Y64.512
G3 X111.662 Y63.29 I0.975 J-0.222
G1 X113.063 Y63.367
X114.722 Y63.492
X116.936 Y63.809
X118.408 Y64.096
X119.599 Y65.008
X120.827 Y66.671
X121.817 Y68.898
X122.649 Y71.189
X123.329 Y73.529
X123.835 Y75.912
X124.155 Y78.328
X124.253 Y80.763
X124.063 Y83.103
X123.587 Y84.648
X123.03 Y85.63
X122.915 Y85.767
X122.761 Y85.855
X122.585 Y85.883
X122.41 Y85.848
X122.259 Y85.754
X122.15 Y85.612
X122.056 Y85.428
X121.915 Y85.239
X121.554 Y84.875
X121.362 Y84.734
X121.085 Y84.586
X120.809 Y84.469
X119.702 Y84.129
X119.091 Y83.948
G3 X118.418 Y83.14 I0.317 J-0.948
G1 X115.838 Y64.944
G3 X116.936 Y63.809 I0.99 J-0.14
G1 X121.915 Y64.525
X122.651 Y64.668
X123.967 Y65.389
X124.93 Y66.539
X126.048 Y68.704
X126.777 Y71.029
X127.409 Y73.383
X127.876 Y75.775
X128.167 Y78.194
X128.248 Y80.63
X128.086 Y83.061
X127.571 Y85.394
X126.764 Y87.131
X125.853 Y88.323
X124.639 Y89.204
X123.207 Y89.649
X122.968 Y89.64
X122.783 Y89.596
X122.628 Y89.487
X122.524 Y89.327
X122.488 Y89.14
Y87.089
X122.463 Y86.535
X122.416 Y86.259
X122.341 Y85.982
X122.15 Y85.612
G3 X122.057 Y85.249 I0.905 J-0.426
G1 X122.031 Y84.842
X120.81 Y65.582
G3 X121.915 Y64.525 I0.998 J-0.063
G1 X124.128 Y64.847
X125.788 Y65.13
X126.895 Y65.472
X128.3 Y65.995
X129.336 Y67.08
X130.405 Y69.126
X131.04 Y71.479
X131.591 Y73.853
X131.98 Y76.259
X132.209 Y78.685
X132.254 Y81.121
X132.055 Y83.55
X131.552 Y85.934
X130.702 Y88.218
X129.515 Y90.15
X128.032 Y91.684
X126.571 Y92.651
X124.866 Y93.307
X123.383 Y93.53
X122.925 Y93.472
X122.754 Y93.418
X122.613 Y93.307
X122.52 Y93.153
X122.488 Y92.976
Y89.14
X122.497 Y89.038
X122.59 Y88.362
X125.636 Y66.298
G3 X126.895 Y65.472 I0.991 J0.137
G1 X131.874 Y67.047
X132.577 Y67.309
X133.732 Y68.266
X134.577 Y69.73
X135.31 Y72.054
X135.748 Y74.451
X136.071 Y76.867
X136.242 Y79.298
X136.249 Y81.734
X136.011 Y84.16
X135.512 Y86.545
X134.748 Y88.859
X133.696 Y91.057
X132.326 Y93.073
X130.587 Y94.779
X128.561 Y96.134
X126.302 Y97.048
X124.264 Y97.444
X122.975 Y97.411
X122.788 Y97.37
X122.63 Y97.261
X122.525 Y97.1
X122.488 Y96.912
Y92.976
G3 X122.536 Y92.702 I0.999 J0.035
G1 X122.693 Y92.221
X130.655 Y67.702
G3 X131.874 Y67.047 I0.951 J0.309
G1 X135.747 Y68.273
X136.3 Y68.476
X137.676 Y69.074
X138.617 Y70.242
X139.444 Y72.323
X139.832 Y74.729
X140.12 Y77.149
X140.264 Y79.582
X140.245 Y82.018
X140.002 Y84.443
X139.545 Y86.837
X138.871 Y89.179
X137.974 Y91.445
X136.849 Y93.606
X135.438 Y95.593
X133.717 Y97.318
X131.795 Y98.816
X129.689 Y100.043
X127.409 Y100.904
X125.018 Y101.374
X123.219 Y101.408
X122.89 Y101.342
X122.73 Y101.28
X122.601 Y101.169
X122.517 Y101.02
X122.488 Y100.852
Y96.912
G3 X122.577 Y96.533 I0.999 J0.035
G1 X122.74 Y96.174
X135.078 Y69.013
G3 X136.3 Y68.476 I0.91 J0.414
G1 X136.854 Y68.684
X138.514 Y69.401
X141.003 Y70.485
X141.675 Y70.819
X142.779 Y71.835
X143.446 Y73.223
X144.003 Y75.596
X144.186 Y78.026
X144.276 Y80.461
X144.204 Y82.897
X143.928 Y85.318
X143.447 Y87.707
X142.784 Y90.052
X141.933 Y92.336
X140.891 Y94.539
X139.644 Y96.632
X138.176 Y98.577
X136.415 Y100.262
X134.508 Y101.779
X132.449 Y103.082
X130.253 Y104.14
X127.945 Y104.92
X125.543 Y105.337
X123.408 Y105.407
X122.896 Y105.312
X122.735 Y105.251
X122.603 Y105.14
X122.518 Y104.99
X122.488 Y104.82
Y100.852
G3 X122.623 Y100.384 I0.999 J0.035
G1 X122.771 Y100.13
X139.772 Y70.913
G3 X141.003 Y70.485 I0.864 J0.503
G1 X145.388 Y72.4
X145.47 Y72.459
X145.552 Y72.55
X145.595 Y72.624
X145.624 Y72.699
X145.643 Y72.837
Y91.516
X145.561 Y93.157
X144.976 Y95.29
X143.839 Y97.446
X142.528 Y99.5
X141.029 Y101.421
X139.246 Y103.082
X137.362 Y104.628
X135.347 Y105.998
X133.215 Y107.178
X130.98 Y108.15
X128.658 Y108.889
X126.25 Y109.266
X123.817 Y109.406
X122.923 Y109.288
X122.752 Y109.233
X122.612 Y109.122
X122.52 Y108.968
X122.488 Y108.792
Y104.82
G3 X122.955 Y104.009 I0.999 J0.035
G1 X144.111 Y90.705
G3 X145.643 Y91.516 I0.532 J0.847
G1 Y99.818
X145.568 Y101.316
X144.856 Y102.841
X143.373 Y104.775
X141.545 Y106.386
X139.652 Y107.92
X137.629 Y109.28
X135.511 Y110.484
X133.302 Y111.514
X131.015 Y112.356
X128.658 Y112.975
X126.243 Y113.301
X123.809 Y113.407
X122.512 Y113.217
X122.33 Y113.152
X122.186 Y113.024
X122.102 Y112.85
X122.089 Y112.658
X122.15 Y112.475
X122.253 Y112.271
X122.362 Y111.994
X122.426 Y111.739
X122.471 Y111.441
X122.488 Y110.887
Y108.792
G3 X123.097 Y107.907 I0.999 J0.035
G1 X144.253 Y98.932
G3 X145.643 Y99.818 I0.391 J0.921
G1 Y105.906
X145.605 Y106.655
X145.077 Y108.059
X143.76 Y109.728
X141.874 Y111.27
X139.838 Y112.61
X137.728 Y113.829
X135.536 Y114.893
X133.273 Y115.799
X130.948 Y116.529
X128.569 Y117.055
X126.148 Y117.336
X123.712 Y117.409
X122.099 Y117.186
X120.692 Y116.665
X119.5 Y115.755
X118.666 Y114.508
X118.625 Y114.346
X118.613 Y114.166
X118.666 Y113.994
X118.777 Y113.851
X118.931 Y113.757
X119.108 Y113.724
X120.006 Y113.713
X120.085 Y113.716
X120.163 Y113.726
X120.784 Y113.821
X121.597 Y113.923
X122.413 Y113.999
G2 X122.825 Y113.944 I0.077 J-0.997
G1 X141.968 Y107.13
G2 X142.322 Y106.912 I-0.335 J-0.942
X143.894 Y105.279 I-17.914 J-18.818
G3 X145.643 Y105.906 I0.75 J0.661
G1 Y110.887
X145.568 Y112.385
X144.808 Y113.678
X143.083 Y115.314
X140.994 Y116.57
X138.861 Y117.748
X136.653 Y118.778
X134.381 Y119.659
X132.05 Y120.372
X129.673 Y120.909
X127.259 Y121.243
X124.827 Y121.39
X122.392 Y121.301
X120.151 Y120.757
X118.251 Y119.826
X116.931 Y118.773
X115.719 Y117.274
X115.05 Y115.932
X114.776 Y114.457
X114.817 Y114.158
X114.873 Y113.989
X114.984 Y113.85
X115.137 Y113.759
X115.313 Y113.727
X119.108 Y113.724
X119.186 Y113.729
X119.264 Y113.741
X119.882 Y113.853
X121.222 Y114.06
X122.568 Y114.22
X122.692 Y114.225
X122.816 Y114.214
X140.919 Y111.523
X141.04 Y111.497
X141.157 Y111.456
G2 X144.179 Y110.036 I-14.751 J-35.317
G3 X145.643 Y110.887 I0.464 J0.886
G1 Y115.868
X145.605 Y116.617
X145.087 Y118.025
X144.029 Y119.195
X142.042 Y120.606
X139.868 Y121.707
X137.646 Y122.706
X135.364 Y123.563
X133.026 Y124.251
X130.65 Y124.79
X128.24 Y125.15
X125.811 Y125.346
X123.374 Y125.356
X120.949 Y125.115
X118.596 Y124.479
X116.422 Y123.378
X114.457 Y121.937
X112.845 Y120.109
X111.706 Y118.215
X111.029 Y116.201
X110.869 Y114.71
X110.94 Y114.163
X110.995 Y113.992
X111.106 Y113.851
X111.26 Y113.759
X111.436 Y113.727
X115.313
X116.097 Y113.758
X144.684 Y114.904
G3 X145.643 Y115.868 I-0.04 J0.999
G1 Y120.296
X145.568 Y121.794
X144.822 Y123.095
X143.338 Y124.373
X141.192 Y125.527
X138.956 Y126.496
X136.671 Y127.343
X134.335 Y128.037
X131.963 Y128.598
X129.56 Y129.006
X127.137 Y129.263
X124.702 Y129.366
X122.267 Y129.292
X119.847 Y129.004
X117.508 Y128.319
X115.291 Y127.307
X113.218 Y126.026
X111.316 Y124.503
X109.754 Y122.633
X108.446 Y120.576
X107.495 Y118.333
X106.961 Y116.061
X106.94 Y114.421
X107.001 Y114.125
X107.064 Y113.967
X107.175 Y113.839
X107.323 Y113.756
X107.491 Y113.727
X111.436
X111.502 Y113.731
X111.567 Y113.74
X112.212 Y113.849
X144.81 Y119.345
G3 X145.643 Y120.296 I-0.166 J0.986
G1 Y125.277
X145.605 Y126.026
X144.959 Y127.379
X143.874 Y128.415
X141.789 Y129.677
X139.518 Y130.561
X137.689 Y131.204
X137.577 Y131.217
X116.382
X114.884 Y131.142
X113.007 Y130.538
X110.902 Y129.309
X109.008 Y127.776
X107.33 Y126.009
X105.882 Y124.049
X104.636 Y121.954
X103.737 Y119.69
X103.143 Y117.326
X102.928 Y115.036
X103.037 Y114.165
X103.091 Y113.994
X103.202 Y113.852
X103.356 Y113.759
X103.533 Y113.727
X107.491
G3 X108.323 Y114.229 I-0.035 J0.999
G1 X117.215 Y129.72
G3 X116.382 Y131.217 I-0.867 J0.498
G1 X109.19
X107.692 Y131.142
X106.336 Y130.433
X104.576 Y128.953
X103.094 Y127.019
X101.761 Y124.978
X100.635 Y122.817
X99.787 Y120.532
X99.236 Y118.159
X98.969 Y115.736
X99.045 Y114.136
X99.056 Y114.096
X99.123 Y113.948
X99.235 Y113.83
X99.378 Y113.753
X99.539 Y113.727
X103.533
G3 X104.438 Y114.383 I-0.035 J0.999
G1 X110.094 Y129.875
G3 X109.19 Y131.217 I-0.939 J0.343
G1 X103.657
X102.908 Y131.18
X101.496 Y130.672
X100.231 Y129.629
X98.73 Y127.71
X97.551 Y125.577
X97.491 Y125.431
X97.475 Y125.362
X97.47 Y125.291
X104.41 Y130.996
X103.657 Y131.217
X98.677
X97.917 Y131.212
X97.847 Y131.197
X97.778 Y131.171
X97.674 Y131.106
X97.571 Y131.
X97.515 Y130.906
X97.483 Y130.811
X97.47 Y130.673
X97.472 Y114.208
X97.5 Y114.077
X97.529 Y114.012
X97.571 Y113.946
X97.674 Y113.838
X97.778 Y113.773
X97.847 Y113.747
X97.986 Y113.727
X99.539
X99.636 Y113.735
X99.732 Y113.753
X100.306 Y113.887
X144.872 Y124.338
G3 X145.643 Y125.277 I-0.228 J0.974
G1 Y129.704
X145.612 Y130.322
X145.367 Y130.909
X145.291 Y131.035
X145.183 Y131.133
X145.051 Y131.195
X144.906 Y131.217
X144.902 Y131.187
X144.907 Y131.158
X145.128 Y130.467
X145.613 Y128.953
X145.617 Y128.916
X145.608 Y128.88
X145.586 Y128.85
X145.555 Y128.83
X145.519 Y128.823
X145.482 Y128.829
X145.451 Y128.848
X145.428 Y128.878
X145.418 Y128.914
X145.422 Y128.951
X145.643 Y129.704
X145.641 Y130.742
X145.63 Y130.811
X145.584 Y130.935
X145.522 Y131.026
X145.434 Y131.112
X145.332 Y131.173
X145.213 Y131.21
X145.153 Y131.216
X137.577 Y131.217
G3 X136.613 Y130.258 I0.035 J-0.999
G1 X122.828 Y84.875
G2 X121.362 Y83.347 I-2.367 J0.804
G1 X117.261 Y82.108
X116.936 Y82.015
X112.509 Y80.805
X108.083 Y80.473
X107.53 Y80.454
X102.55 Y80.337
X101.997 Y80.363
X97.571 Y80.771
X92.591 Y81.721
X88.844 Y82.661
X88.718 Y82.683
X88.165 Y82.832
X83.739 Y85.235
X79.312 Y88.077
X75.993 Y90.692
X75.697 Y90.963
X73.226 Y93.909
X72.898 Y94.284
X72.673 Y94.569
X69.917 Y98.711
X67.732 Y103.139
X65.941 Y107.013
X65.768 Y107.566
X64.877 Y111.994
X64.07 Y116.975
X63.778 Y121.403
X63.76 Y121.956
X63.82 Y122.34
X64.994 Y128.972
X65.277 Y129.704
X65.48 Y132.137
X65.572 Y133.025
X65.673 Y133.578
X66.034 Y135.193
X66.16 Y135.932
X65.888 Y137.407
X65.085 Y138.675
X63.418 Y140.324
X61.357 Y141.623
X59.173 Y142.704
X56.847 Y143.432
X54.437 Y143.79
X52.004 Y143.935
X49.569 Y143.826
X47.161 Y143.456
X44.819 Y142.783
X43.188 Y142.013
X43.066 Y141.932
X42.972 Y141.818
X42.916 Y141.682
X41.862 Y137.453
X41.736 Y136.899
X41.621 Y136.291
G3 X42.578 Y135.14 I0.988 J-0.152
G1 X65.035 Y134.446
G3 X66.034 Y135.193 I0.031 J1.
G1 X67.034 Y139.666
X67.161 Y140.406
X66.828 Y141.868
X65.96 Y143.091
X64.151 Y144.636
X62. Y145.782
X59.764 Y146.75
X57.423 Y147.426
X55.006 Y147.741
X52.576 Y147.913
X50.139 Y147.866
X47.716 Y147.607
X45.328 Y147.123
X44.451 Y146.849
X44.3 Y146.771
X44.183 Y146.648
X44.115 Y146.493
X42.916 Y141.682
G3 X43.824 Y140.477 I0.978 J-0.208
G1 X65.996 Y138.921
G3 X67.034 Y139.666 I0.07 J0.998
G1 X67.281 Y140.773
X67.496 Y141.569
X68.076 Y142.738
X68.382 Y143.423
X68.461 Y144.921
X67.838 Y146.286
X66.852 Y147.416
X64.871 Y148.835
X62.663 Y149.866
X60.399 Y150.767
X58.046 Y151.401
X55.626 Y151.689
X53.197 Y151.883
X50.76 Y151.888
X48.329 Y151.709
X46.584 Y151.445
X46.439 Y151.4
X46.314 Y151.313
X46.221 Y151.193
X44.591 Y148.245
X44.522 Y148.106
X44.115 Y146.493
G3 X44.956 Y145.294 I0.978 J-0.208
G1 X67.064 Y142.231
G3 X68.076 Y142.738 I0.137 J0.991
G1 X69.886 Y146.308
X70.192 Y146.993
X70.238 Y148.492
X69.592 Y149.846
X68.268 Y151.272
X66.263 Y152.657
X64.029 Y153.63
X61.763 Y154.528
X59.415 Y155.178
X57.009 Y155.57
X54.582 Y155.789
X52.148 Y155.903
X49.712 Y155.841
X49.006 Y155.777
X48.849 Y155.736
X48.714 Y155.648
X48.613 Y155.521
X46.221 Y151.193
G3 X46.935 Y149.756 I0.892 J-0.453
G1 X68.833 Y145.807
G3 X69.886 Y146.308 I0.177 J0.984
G1 X70.728 Y147.968
X71.019 Y148.522
X71.566 Y149.464
X71.915 Y150.128
X72.124 Y151.613
X71.638 Y153.032
X70.578 Y154.355
X68.749 Y155.828
X66.565 Y156.91
X64.307 Y157.826
X62.01 Y158.638
X59.644 Y159.224
X57.233 Y159.58
X54.805 Y159.783
X52.371 Y159.897
X51.446 Y159.879
X51.3 Y159.855
X51.167 Y159.788
X51.06 Y159.686
X50.986 Y159.591
X50.619 Y159.037
X49.956 Y157.93
X49.333 Y156.823
X48.613 Y155.521
G3 X49.273 Y154.095 I0.892 J-0.453
G1 X70.491 Y149.029
G3 X71.566 Y149.464 I0.232 J0.973
G1 X71.664 Y149.628
X73.649 Y152.396
X74.055 Y153.026
X74.379 Y154.491
X73.998 Y155.942
X73.007 Y157.361
X71.43 Y158.813
X69.322 Y160.036
X67.095 Y161.026
X64.82 Y161.899
X62.507 Y162.666
X60.133 Y163.217
X57.719 Y163.546
X55.291 Y163.757
X54.523 Y163.796
X54.365 Y163.778
X54.22 Y163.712
X54.103 Y163.603
X51.06 Y159.686
G3 X51.592 Y158.14 I0.811 J-0.586
G1 X72.578 Y152.046
G3 X73.649 Y152.396 I0.279 J0.96
G1 X75.993 Y155.66
X76.401 Y156.29
X76.65 Y157.769
X76.221 Y159.206
X75.151 Y160.737
X73.558 Y162.203
X71.45 Y163.426
X69.243 Y164.458
X66.979 Y165.361
X64.68 Y166.168
X62.335 Y166.832
X59.944 Y167.303
X57.489 Y167.594
X57.326 Y167.58
X57.176 Y167.514
X57.055 Y167.403
X54.103 Y163.603
G3 X54.599 Y162.069 I0.811 J-0.586
G1 X74.887 Y155.324
G3 X75.993 Y155.66 I0.315 J0.949
G1 X76.437 Y156.27
X76.546 Y156.395
X76.796 Y156.625
X78.206 Y157.732
X78.772 Y158.223
X79.087 Y158.904
X79.331 Y160.384
X78.945 Y161.834
X78.059 Y163.307
X76.485 Y164.967
X74.466 Y166.331
X72.307 Y167.461
X70.079 Y168.447
X67.805 Y169.324
X65.499 Y170.114
X63.148 Y170.754
X61.342 Y171.105
X61.206 Y171.113
X61.073 Y171.083
X60.953 Y171.019
X58.488 Y169.228
X58.408 Y169.144
X57.055 Y167.403
G3 X57.479 Y165.895 I0.811 J-0.586
G1 X77.231 Y157.618
G3 X78.206 Y157.732 I0.386 J0.922
G1 X80.972 Y159.898
X81.539 Y160.389
X81.909 Y161.042
X82.28 Y162.495
X82.009 Y163.971
X81.305 Y165.426
X79.805 Y167.325
X77.917 Y168.867
X75.848 Y170.154
X73.673 Y171.252
X71.435 Y172.217
X69.159 Y173.088
X66.854 Y173.878
X65.672 Y174.208
X65.524 Y174.226
X65.377 Y174.2
X65.244 Y174.131
X60.953 Y171.019
G3 X61.116 Y169.338 I0.615 J-0.789
G1 X79.932 Y159.814
G3 X80.972 Y159.898 I0.452 J0.892
G1 X82.079 Y160.753
X83.509 Y161.804
X83.739 Y161.958
X84.362 Y162.376
X84.807 Y162.98
X85.334 Y164.384
X85.215 Y165.879
X84.61 Y167.432
X83.256 Y169.458
X81.498 Y171.146
X79.544 Y172.602
X77.453 Y173.854
X75.263 Y174.923
X73.025 Y175.887
X70.751 Y176.762
X69.827 Y177.083
X69.682 Y177.111
X69.535 Y177.095
X69.399 Y177.036
X68.8 Y176.665
X68.247 Y176.309
X65.244 Y174.131
G3 X65.343 Y172.486 I0.615 J-0.789
G1 X82.767 Y161.992
G3 X83.739 Y161.958 I0.516 J0.857
G1 X87.058 Y163.807
X87.694 Y164.205
X88.536 Y165.446
X88.68 Y166.939
X88.386 Y168.41
X87.351 Y170.616
X85.876 Y172.556
X84.077 Y174.2
X82.13 Y175.666
X80.066 Y176.962
X77.909 Y178.096
X75.69 Y179.103
X74.546 Y179.57
X74.407 Y179.605
X74.264 Y179.599
X74.129 Y179.552
X70.46 Y177.67
X69.827 Y177.301
X69.399 Y177.036
G3 X69.386 Y175.382 I0.556 J-0.831
G1 X86.034 Y163.875
G3 X87.058 Y163.807 I0.569 J0.823
G1 X89.825 Y165.348
X90.378 Y165.639
X91.031 Y166.009
X91.875 Y167.249
X92.082 Y168.734
X91.694 Y170.653
X90.833 Y172.595
X89.388 Y174.557
X87.717 Y176.331
X85.85 Y177.898
X83.874 Y179.324
X81.794 Y180.593
X79.627 Y181.707
X79.16 Y181.92
X79.016 Y181.961
X78.866 Y181.957
X78.725 Y181.91
X74.129 Y179.552
G3 X73.996 Y177.895 I0.487 J-0.873
G1 X89.341 Y165.763
G3 X90.378 Y165.639 I0.62 J0.784
G1 X90.456 Y165.678
X90.931 Y165.83
X93.144 Y166.386
X93.862 Y166.604
X94.463 Y167.053
X95.365 Y168.252
X95.652 Y169.724
X95.539 Y171.22
X94.866 Y173.433
X93.671 Y175.557
X92.175 Y177.481
X90.474 Y179.226
X88.615 Y180.802
X86.659 Y182.255
X84.609 Y183.573
X84.394 Y183.692
X84.282 Y183.738
X84.162 Y183.755
X84.041 Y183.743
X80.917 Y183.029
X78.725 Y181.91
G3 X78.506 Y180.328 I0.487 J-0.873
G1 X92.229 Y166.655
G3 X93.144 Y166.386 I0.706 J0.708
G1 X96.941 Y167.339
X97.659 Y167.558
X98.772 Y168.563
X99.296 Y169.969
X99.373 Y171.467
X98.979 Y173.753
X98.056 Y176.008
X96.807 Y178.101
X95.275 Y179.996
X93.596 Y181.762
X91.774 Y183.381
X89.833 Y184.891
X89.711 Y184.952
X89.576 Y184.978
X89.439 Y184.967
X84.041 Y183.743
G3 X83.538 Y182.124 I0.255 J-0.967
G1 X95.973 Y167.665
G3 X96.941 Y167.339 I0.758 J0.652
G1 X98.124 Y167.636
X99.231 Y167.796
X100.11 Y167.892
X100.852 Y168.004
X102.145 Y168.763
X102.905 Y170.057
X103.162 Y171.534
X103.058 Y173.673
X102.417 Y176.024
X101.424 Y178.249
X100.132 Y180.316
X98.621 Y182.227
X96.975 Y184.025
X95.205 Y185.7
X94.973 Y185.893
X94.861 Y185.963
X94.734 Y186.002
X94.602 Y186.006
X94.251 Y185.969
X92.591 Y185.677
X89.439 Y184.967
G3 X88.869 Y183.435 I0.255 J-0.967
G1 X99.221 Y168.325
G3 X100.11 Y167.892 I0.825 J0.565
G1 X103.657 Y168.245
X104.399 Y168.356
X105.745 Y169.016
X106.605 Y170.246
X107.005 Y171.906
X107.041 Y173.743
X106.56 Y176.133
X105.756 Y178.433
X104.699 Y180.629
X103.368 Y182.67
X101.858 Y184.583
X100.324 Y186.295
X100.205 Y186.392
X100.062 Y186.449
X99.909 Y186.459
X94.602 Y186.006
G3 X93.868 Y184.526 I0.138 J-0.99
G1 X102.721 Y168.753
G3 X103.657 Y168.245 I0.872 J0.489
G1 X106.423 Y168.52
X106.977 Y168.548
X107.281 Y168.525
X108.031 Y168.506
X109.41 Y169.096
X110.346 Y170.268
X110.846 Y171.848
X111.003 Y173.602
X110.691 Y176.019
X110.044 Y178.368
X109.166 Y180.642
X108.075 Y182.821
X106.718 Y184.845
X105.298 Y186.686
X105.177 Y186.799
X105.025 Y186.866
X104.86 Y186.879
X99.909 Y186.459
G3 X99.121 Y185.047 I0.119 J-0.993
G1 X106.483 Y169.1
G3 X107.281 Y168.525 I0.908 J0.419
G1 X108.132 Y168.446
X110.849 Y168.172
X111.599 Y168.134
X113.006 Y168.652
X114.016 Y169.761
X114.639 Y171.282
X114.94 Y173.028
X114.827 Y175.462
X114.365 Y177.855
X113.66 Y180.188
X112.749 Y182.448
X111.644 Y184.62
X110.295 Y186.702
X110.194 Y186.803
X110.068 Y186.872
X109.928 Y186.902
X107.53 Y187.068
X106.977 Y187.055
X104.86 Y186.879
G3 X104.038 Y185.549 I0.119 J-0.993
G1 X110.043 Y168.825
G3 X110.849 Y168.172 I0.941 J0.338
G1 X114.722 Y167.782
X115.472 Y167.744
X116.863 Y168.304
X117.869 Y169.417
X118.539 Y170.99
X118.917 Y173.003
X118.838 Y175.439
X118.454 Y177.846
X117.851 Y180.207
X117.058 Y182.511
X116.094 Y184.749
X115.283 Y186.295
X115.18 Y186.429
X115.038 Y186.521
X114.874 Y186.561
X109.928 Y186.902
G3 X108.933 Y185.624 I-0.034 J-0.999
G1 X113.897 Y168.494
G3 X114.722 Y167.782 I0.96 J0.278
G1 X118.595 Y167.391
X119.344 Y167.354
X120.731 Y167.925
X121.743 Y169.033
X122.499 Y170.758
X122.905 Y172.803
X122.851 Y175.239
X122.549 Y177.657
X122.038 Y180.04
X121.354 Y182.379
X120.509 Y184.665
X119.937 Y185.946
X119.836 Y186.094
X119.689 Y186.197
X119.515 Y186.241
X114.874 Y186.561
G3 X113.865 Y185.341 I-0.034 J-0.999
G1 X117.755 Y168.161
G3 X118.595 Y167.391 I0.975 J0.221
G1 X122.468 Y167.001
X123.217 Y166.963
X124.607 Y167.528
X125.635 Y168.621
X126.441 Y170.372
X126.878 Y172.386
X126.869 Y174.823
X126.644 Y177.249
X126.229 Y179.65
X125.646 Y182.016
X124.914 Y184.341
X124.432 Y185.596
X124.337 Y185.752
X124.193 Y185.863
X124.018 Y185.915
X123.575 Y185.961
X119.515 Y186.241
G3 X118.497 Y185.064 I-0.034 J-0.999
G1 X121.619 Y167.814
G3 X122.468 Y167.001 I0.984 J0.178
G1 X125.235 Y166.714
X125.788 Y166.631
X126.092 Y166.53
X126.454 Y166.43
X127.936 Y166.659
X129.121 Y167.58
X129.929 Y168.844
X130.617 Y170.778
X130.919 Y173.196
X130.834 Y175.632
X130.582 Y178.056
X130.146 Y180.453
X129.568 Y182.821
X129.04 Y184.55
X128.962 Y184.703
X128.838 Y184.821
X128.681 Y184.889
X125.78 Y185.603
X124.128 Y185.903
X124.018 Y185.915
G3 X122.958 Y184.776 I-0.07 J-0.998
G1 X125.449 Y167.327
G3 X126.092 Y166.53 I0.99 J0.141
G1 X126.341 Y166.448
X129.108 Y165.394
X129.821 Y165.162
X131.312 Y165.331
X132.56 Y166.162
X133.571 Y167.559
X134.325 Y169.3
X134.788 Y171.692
X134.922 Y174.125
X134.777 Y176.558
X134.502 Y178.979
X134.039 Y181.372
X133.541 Y183.413
X133.467 Y183.577
X133.34 Y183.705
X133.175 Y183.779
X128.681 Y184.889
G3 X127.477 Y183.853 I-0.206 J-0.979
G1 X128.498 Y166.257
G3 X129.108 Y165.394 I0.998 J0.058
G1 X132.428 Y164.128
X133.141 Y163.896
X134.641 Y163.921
X135.955 Y164.644
X137.031 Y165.903
X137.882 Y167.5
X138.536 Y169.848
X138.855 Y172.264
X138.928 Y174.7
X138.743 Y177.13
X138.462 Y179.55
X138.004 Y181.944
X137.912 Y182.33
X137.839 Y182.496
X137.711 Y182.625
X137.545 Y182.7
X133.175 Y183.779
G3 X131.97 Y182.809 I-0.206 J-0.979
G1 X131.816 Y165.058
G3 X132.428 Y164.128 I1. J-0.009
G1 X136.3 Y162.652
X137.014 Y162.42
X138.503 Y162.6
X139.577 Y163.302
X139.698 Y163.414
X139.776 Y163.558
X139.803 Y163.721
X139.788 Y163.719
X139.031 Y163.579
X135.633 Y162.949
X135.593 Y162.95
X135.557 Y162.965
X135.53 Y162.994
X135.516 Y163.031
X135.517 Y163.07
X135.534 Y163.106
X135.563 Y163.133
X135.6 Y163.146
X135.64 Y163.144
X135.675 Y163.127
X136.3 Y162.652
X139.136 Y161.571
X139.274 Y161.547
X139.413 Y161.561
X139.482 Y161.584
X139.551 Y161.618
X139.656 Y161.703
X139.731 Y161.804
X139.766 Y161.874
X139.788 Y161.943
X139.803 Y162.081
X139.802 Y181.779
X139.784 Y181.879
X139.743 Y181.98
X139.671 Y182.081
X139.572 Y182.168
X139.477 Y182.218
X137.545 Y182.7
G3 X136.793 Y182.559 I-0.206 J-0.979
G0 Z50.
X235.842 Y109.248
Z10.

; Ramp in to draw 'S'

G3 X232.415 Y108.6 I-1.407 J-1.943 F1000.
X233.257 Y105.219 I2.018 J-1.293
X236.581 Y106.251 I1.175 J2.086
X235.363 Y109.508 I-2.147 J1.053
X232.183 Y108.107 I-0.928 J-2.202
X233.761 Y105.016 I2.249 J-0.8
X236.754 Y106.766 I0.67 J2.288
X234.839 Y109.651 I-2.321 J0.538
X232.07 Y107.577 I-0.405 J-2.345
X234.296 Y104.933 I2.362 J-0.27
X236.807 Y107.304 I0.135 J2.371
X232.057 I-2.375 J0.
X236.807 I2.375 J0.
G1 X237.154 Y109.716
X237.249 Y110.318
X237.136 Y111.059
X236.794 Y111.727
X235.776 Y112.829
X234.359 Y113.321
X232.86 Y113.263
X231.446 Y112.762
X230.214 Y111.907
X229.231 Y110.774
X228.551 Y109.437
X228.211 Y107.976
X228.23 Y106.476
X228.605 Y105.024
X229.315 Y103.702
X230.319 Y102.588
X231.56 Y101.745
X232.965 Y101.221
X234.455 Y101.047
X235.944 Y101.232
X237.345 Y101.767
X238.58 Y102.619
X239.575 Y103.741
X240.276 Y105.067
X240.907 Y107.421
X241.207 Y109.84
X241.085 Y111.335
X240.637 Y112.766
X239.683 Y114.409
X238.668 Y115.513
X237.135 Y116.502
X235.729 Y117.024
X233.819 Y117.27
X231.925 Y117.099
X230.173 Y116.543
X228.324 Y115.472
X226.709 Y113.989
X225.438 Y112.174
X224.584 Y110.115
X224.195 Y107.92
X224.288 Y105.728
X224.842 Y103.642
X225.856 Y101.682
X227.291 Y99.961
X229.063 Y98.591
X231.088 Y97.636
X233.271 Y97.141
X235.51 Y97.129
X237.701 Y97.601
X239.739 Y98.535
X241.51 Y99.874
X242.925 Y101.535
X243.988 Y103.537
X244.64 Y105.885
X245.066 Y108.285
X245.19 Y110.639
X244.805 Y112.953
X243.895 Y115.214
X242.594 Y117.218
X240.956 Y118.829
X238.891 Y120.122
X236.73 Y120.916
X234.315 Y121.242
X231.881 Y121.129
X229.512 Y120.558
X227.298 Y119.54
X225.28 Y118.173
X223.531 Y116.476
X222.163 Y114.459
X221.121 Y112.257
X220.449 Y109.914
X220.159 Y107.495
X220.318 Y105.16
X220.342 Y105.037
X220.396 Y104.924
X220.476 Y104.828
X221.695 Y103.692
X222.059 Y103.341
X222.23 Y103.139
X222.404 Y102.862
X222.613 Y102.473
X223.962 Y99.818
X224.192 Y99.265
X224.272 Y98.932
X224.626 Y97.475
X225.79 Y96.157
X227.74 Y94.736
X229.973 Y93.76
X232.357 Y93.253
X234.79 Y93.112
X237.214 Y93.365
X239.567 Y93.999
X241.755 Y95.072
X243.714 Y96.52
X245.424 Y98.257
X246.822 Y100.253
X247.887 Y102.445
X248.481 Y104.809
X248.581 Y105.361
X248.579 Y105.436
X248.565 Y105.511
X247.357 Y109.988
X247.329 Y110.057
X244.799 Y114.975
X241.424 Y119.238
X241.355 Y119.31
X235.338 Y123.997
X234.11 Y124.859
X232.513 Y125.07
X230.085 Y124.861
X227.74 Y124.198
X225.551 Y123.127
X223.5 Y121.811
X221.632 Y120.245
X219.981 Y118.453
X218.662 Y116.404
X217.616 Y114.203
X216.836 Y111.894
X216.339 Y109.509
X216.293 Y108.973
X216.303 Y108.822
X216.358 Y108.681
X216.453 Y108.562
X218.74 Y106.445
X220.476 Y104.828
G3 X221.924 Y104.974 I0.656 J0.755
G1 X235.489 Y122.621
G3 X235.338 Y123.997 I-0.793 J0.609
G1 X232.018 Y126.583
X231.553 Y126.937
X230.437 Y127.491
X229.061 Y128.088
X227.561 Y128.098
X225.33 Y127.507
X223.165 Y126.389
X221.137 Y125.038
X219.262 Y123.481
X217.554 Y121.743
X216.062 Y119.816
X214.821 Y117.718
X213.812 Y115.5
X213.054 Y113.184
X212.62 Y111.263
X212.61 Y111.103
X212.651 Y110.947
X212.74 Y110.813
X212.867 Y110.714
X215.581 Y109.227
X215.973 Y108.982
X216.453 Y108.562
G3 X217.906 Y108.725 I0.651 J0.759
G1 X230.764 Y126.014
G3 X230.437 Y127.491 I-0.802 J0.597
G1 X225.379 Y129.995
X224.691 Y130.294
X223.194 Y130.382
X221.664 Y129.954
X219.515 Y128.806
X217.591 Y127.31
X215.781 Y125.679
X214.12 Y123.895
X212.661 Y121.943
X211.431 Y119.839
X210.382 Y117.64
X209.539 Y115.353
X208.972 Y113.288
X208.955 Y113.123
X208.993 Y112.961
X209.083 Y112.82
X209.213 Y112.717
X212.867 Y110.714
G3 X214.151 Y111.056 I0.45 J0.893
G1 X225.738 Y128.563
G3 X225.379 Y129.995 I-0.834 J0.552
G1 X221.506 Y131.913
X220.13 Y132.51
X218.631 Y132.448
X216.955 Y131.753
X214.959 Y130.355
X213.168 Y128.702
X211.483 Y126.942
X209.963 Y125.037
X208.622 Y123.002
X207.463 Y120.858
X206.458 Y118.638
X205.647 Y116.341
X205.32 Y115.116
X205.305 Y114.939
X205.353 Y114.769
X205.458 Y114.626
X205.605 Y114.528
X206.567 Y114.109
X208.514 Y113.101
X209.213 Y112.717
G3 X210.501 Y113.064 I0.45 J0.893
G1 X221.869 Y130.486
G3 X221.506 Y131.913 I-0.837 J0.546
G1 X219.248 Y133.025
X218.106 Y133.578
X217.08 Y134.042
X216.381 Y134.313
X214.883 Y134.406
X213.459 Y133.935
X211.419 Y132.602
X209.7 Y130.875
X208.042 Y129.089
X206.549 Y127.162
X205.229 Y125.115
X204.059 Y122.977
X203.026 Y120.769
X202.153 Y118.494
X201.617 Y116.73
X201.597 Y116.55
X201.642 Y116.374
X201.747 Y116.226
X201.898 Y116.125
X205.605 Y114.528
G3 X206.825 Y114.943 I0.363 J0.932
G1 X217.496 Y132.627
G3 X217.08 Y134.042 I-0.856 J0.517
G1 X213.207 Y135.773
X211.808 Y136.315
X210.315 Y136.173
X208.907 Y135.456
X207.025 Y133.909
X205.389 Y132.102
X203.843 Y130.219
X202.453 Y128.217
X201.204 Y126.125
X200.085 Y123.96
X199.09 Y121.736
X198.242 Y119.451
X197.923 Y118.31
X197.906 Y118.132
X197.953 Y117.959
X198.058 Y117.815
X198.206 Y117.716
X201.898 Y116.125
G3 X203.122 Y116.549 I0.363 J0.932
G1 X213.628 Y134.366
G3 X213.207 Y135.773 I-0.861 J0.508
G1 X208.78 Y137.753
X208.097 Y138.061
X206.599 Y137.978
X205.229 Y137.368
X203.32 Y135.853
X201.754 Y133.986
X200.234 Y132.081
X198.872 Y130.06
X197.644 Y127.955
X196.528 Y125.789
X195.526 Y123.568
X194.654 Y121.292
X194.273 Y120.047
X194.252 Y119.875
X194.29 Y119.707
X194.384 Y119.561
X194.521 Y119.456
X195.502 Y118.951
X197.357 Y118.082
X198.206 Y117.716
G3 X199.453 Y118.178 I0.363 J0.932
G1 X209.144 Y136.429
G3 X208.78 Y137.753 I-0.883 J0.469
G1 X207.121 Y138.684
X205.461 Y139.657
X204.796 Y140.004
X203.297 Y140.063
X201.892 Y139.537
X200.325 Y138.408
X198.702 Y136.591
X197.193 Y134.678
X195.804 Y132.675
X194.542 Y130.59
X193.388 Y128.444
X192.336 Y126.246
X191.393 Y123.999
X190.662 Y121.94
X190.633 Y121.764
X190.668 Y121.589
X190.762 Y121.438
X190.904 Y121.329
X194.521 Y119.456
G3 X195.83 Y119.885 I0.428 J0.904
G1 X205.804 Y138.337
G3 X205.461 Y139.657 I-0.88 J0.476
G1 X202.141 Y141.609
X201.476 Y141.957
X199.99 Y142.161
X198.557 Y141.72
X196.871 Y140.515
X195.241 Y138.703
X193.757 Y136.771
X192.385 Y134.757
X191.126 Y132.67
X189.965 Y130.528
X188.899 Y128.336
X187.932 Y126.099
X187.076 Y123.818
X187.058 Y123.73
X187.052 Y123.568
X187.097 Y123.413
X187.189 Y123.281
X187.318 Y123.185
X190.904 Y121.329
G3 X192.207 Y121.748 I0.428 J0.904
G1 X202.479 Y140.281
G3 X202.141 Y141.609 I-0.875 J0.485
G1 X201.035 Y142.262
X200.764 Y142.434
X200.481 Y142.662
X199.594 Y143.541
X199.038 Y144.044
X197.648 Y144.609
X196.161 Y144.416
X194.812 Y143.76
X192.942 Y142.197
X191.412 Y140.301
X189.966 Y138.339
X188.627 Y136.303
X187.391 Y134.203
X186.245 Y132.052
X185.192 Y129.854
X184.23 Y127.615
X183.609 Y125.962
X183.578 Y125.815
X183.592 Y125.665
X183.65 Y125.526
X183.747 Y125.41
X184.759 Y124.522
X184.874 Y124.45
X187.318 Y123.185
G3 X188.607 Y123.579 I0.428 J0.904
G1 X199.723 Y142.349
G3 X199.594 Y143.541 I-0.86 J0.51
G1 X196.827 Y146.308
X196.271 Y146.811
X194.861 Y147.324
X193.375 Y147.124
X191.659 Y146.263
X189.917 Y144.845
X188.403 Y142.936
X186.943 Y140.984
X185.583 Y138.962
X184.318 Y136.879
X183.141 Y134.746
X182.048 Y132.568
X181.041 Y130.348
X180.408 Y128.79
X180.373 Y128.64
X180.385 Y128.486
X180.443 Y128.344
X180.541 Y128.226
X183.747 Y125.41
G3 X185.237 Y125.668 I0.633 J0.774
G1 X196.952 Y145.11
G3 X196.827 Y146.308 I-0.857 J0.516
G1 X196.055 Y147.079
X195.502 Y147.672
X195.301 Y147.968
X195.085 Y148.522
X194.814 Y149.221
X194.245 Y149.71
X192.871 Y150.311
X191.373 Y150.231
X189.954 Y149.716
X188.007 Y148.481
X186.28 Y146.762
X184.813 Y144.816
X183.361 Y142.859
X182.02 Y140.824
X180.767 Y138.734
X179.595 Y136.597
X178.502 Y134.419
X177.489 Y132.203
X177.233 Y131.582
X177.197 Y131.431
X177.208 Y131.277
X177.266 Y131.134
X177.365 Y131.015
X180.541 Y128.226
G3 X182.005 Y128.442 I0.633 J0.774
G1 X194.949 Y147.707
X194.961 Y147.725
X194.973 Y147.744
X194.984 Y147.763
G3 X195.085 Y148.522 I-0.865 J0.502
G1 X194.395 Y150.818
X194.256 Y151.289
X194.009 Y151.997
X193.572 Y152.606
X192.411 Y153.556
X190.937 Y153.834
X189.45 Y153.637
X187.303 Y152.807
X185.273 Y151.458
X183.58 Y149.706
X182.045 Y147.813
X180.601 Y145.85
X179.211 Y143.849
X177.921 Y141.781
X176.708 Y139.668
X175.569 Y137.513
X174.505 Y135.321
X174.363 Y135.
X174.323 Y134.852
X174.33 Y134.7
X174.382 Y134.556
X175.351 Y132.803
X175.401 Y132.742
X177.365 Y131.015
G3 X178.781 Y131.167 I0.633 J0.774
G1 X194.071 Y150.418
G3 X194.256 Y151.289 I-0.783 J0.622
G1 X193.442 Y154.056
X193.381 Y154.333
X193.339 Y154.609
X193.226 Y155.351
X192.851 Y156.001
X191.76 Y157.029
X190.321 Y157.453
X188.821 Y157.411
X186.628 Y156.857
X184.45 Y155.764
X182.459 Y154.359
X180.801 Y152.573
X179.232 Y150.708
X177.77 Y148.759
X176.365 Y146.768
X175.034 Y144.726
X173.79 Y142.631
X172.613 Y140.497
X172.015 Y139.32
X171.965 Y139.166
X171.968 Y139.005
X172.022 Y138.853
X174.382 Y134.556
G3 X175.995 Y134.411 I0.859 J0.512
G1 X193.003 Y153.918
X193.095 Y154.023
G3 X193.339 Y154.609 I-0.754 J0.657
G1 X193.359 Y155.163
X193.49 Y155.716
X193.842 Y156.969
X194.01 Y157.7
X193.912 Y158.444
X193.294 Y159.81
X192.13 Y160.756
X190.701 Y161.214
X189.121 Y161.356
X186.704 Y161.044
X184.396 Y160.263
X182.243 Y159.12
X180.263 Y157.701
X178.505 Y156.013
X176.91 Y154.171
X175.386 Y152.269
X173.953 Y150.298
X172.57 Y148.291
X171.263 Y146.234
X170.077 Y144.198
X170.031 Y144.095
X170.01 Y143.984
X170.015 Y143.871
X170.299 Y142.019
X170.359 Y141.88
X172.022 Y138.853
G3 X173.548 Y138.619 I0.859 J0.512
G1 X193.366 Y156.36
X193.557 Y156.531
G3 X193.842 Y156.969 I-0.667 J0.745
G1 X194.909 Y160.697
X195.105 Y161.421
X194.76 Y162.881
X193.74 Y163.981
X192.431 Y164.714
X190.555 Y165.211
X188.121 Y165.313
X185.713 Y164.937
X183.406 Y164.15
X181.199 Y163.118
X179.125 Y161.839
X177.193 Y160.353
X175.469 Y158.631
X173.882 Y156.782
X172.354 Y154.883
X170.911 Y152.919
X169.52 Y150.918
X169.16 Y150.361
X169.107 Y150.253
X169.082 Y150.135
X169.085 Y150.015
X170.015 Y143.871
G3 X171.592 Y143.251 I0.983 J0.184
G1 X194.402 Y160.117
X194.564 Y160.236
G3 X194.909 Y160.697 I-0.595 J0.804
G1 X194.948 Y160.819
X195.153 Y161.251
X195.299 Y161.487
X195.502 Y161.724
X196.055 Y162.257
X196.573 Y162.799
X196.871 Y163.488
X197.04 Y164.978
X196.442 Y166.354
X195.386 Y167.419
X193.923 Y168.309
X191.845 Y169.018
X189.423 Y169.289
X186.987 Y169.229
X184.588 Y168.8
X182.289 Y167.991
X180.058 Y167.011
X177.931 Y165.822
X175.919 Y164.447
X174.035 Y162.901
X172.342 Y161.149
X170.767 Y159.289
X169.289 Y157.455
X169.237 Y157.375
X169.2 Y157.286
X169.181 Y157.192
X168.711 Y152.534
X168.725 Y152.396
X169.085 Y150.015
G3 X170.519 Y149.306 I0.983 J0.184
G1 X195.371 Y161.875
X195.844 Y162.114
G3 X196.055 Y162.257 I-0.451 J0.892
G1 X198.498 Y164.572
X199.016 Y165.114
X199.365 Y165.778
X199.663 Y167.248
X199.212 Y168.679
X198.351 Y169.907
X196.848 Y171.185
X194.694 Y172.325
X192.361 Y173.03
X189.934 Y173.246
X187.497 Y173.254
X185.076 Y172.975
X182.704 Y172.418
X180.422 Y171.562
X178.201 Y170.559
X176.076 Y169.367
X174.045 Y168.019
X172.123 Y166.521
X171.656 Y166.087
X171.604 Y166.03
X171.561 Y165.966
X171.528 Y165.896
X169.529 Y160.548
X169.425 Y159.591
X169.181 Y157.192
G3 X170.463 Y156.167 I0.998 J-0.066
G1 X197.784 Y164.263
X198.12 Y164.362
G3 X198.498 Y164.572 I-0.284 J0.959
G1 X199.666 Y165.678
X199.928 Y165.914
X200.186 Y166.091
X200.481 Y166.247
X200.786 Y166.369
X201.467 Y166.682
X201.966 Y167.242
X202.624 Y168.59
X202.526 Y170.087
X201.957 Y171.475
X200.713 Y173.121
X199.037 Y174.549
X196.884 Y175.692
X194.606 Y176.558
X192.231 Y177.103
X189.8 Y177.264
X187.363 Y177.251
X184.94 Y176.989
X182.552 Y176.504
X180.223 Y175.784
X177.969 Y174.859
X177.338 Y174.556
X177.267 Y174.506
X176.65 Y173.98
X176.584 Y173.911
X172.423 Y168.169
X172.331 Y168.031
X171.528 Y165.896
G3 X172.538 Y164.58 I0.948 J-0.318
G1 X200.008 Y166.281
X200.508 Y166.312
G3 X200.786 Y166.369 I-0.062 J0.998
G1 X203.801 Y167.543
X204.486 Y167.849
X205.053 Y168.339
X205.884 Y169.588
X206.014 Y171.083
X205.697 Y172.549
X204.703 Y174.49
X203.15 Y176.369
X201.254 Y177.899
X199.103 Y179.044
X196.86 Y179.998
X194.529 Y180.707
X192.134 Y181.16
X189.7 Y181.27
X187.263 Y181.249
X186.898 Y181.208
X186.776 Y181.162
X182.223 Y178.718
X180.549 Y177.301
X177.267 Y174.506
G3 X177.739 Y172.788 I0.675 J-0.738
G1 X203.028 Y167.558
X203.269 Y167.508
G3 X203.801 Y167.543 I0.203 J0.979
G1 X207.121 Y168.829
X207.425 Y168.918
X208.133 Y169.165
X209.178 Y170.241
X209.569 Y171.689
X209.488 Y173.187
X208.808 Y175.277
X207.571 Y177.377
X205.972 Y179.216
X204.085 Y180.758
X202.021 Y182.053
X199.822 Y183.104
X197.555 Y183.999
X195.754 Y184.517
X195.657 Y184.535
X195.558 Y184.533
X195.462 Y184.512
X189.278 Y182.502
X186.776 Y181.162
G3 X186.816 Y179.411 I0.503 J-0.864
G1 X206.667 Y169.026
X206.714 Y169.001
G3 X207.425 Y168.918 I0.464 J0.886
G1 X207.708 Y168.999
X210.44 Y169.294
X211.181 Y169.409
X211.815 Y169.811
X212.819 Y170.925
X213.268 Y172.356
X213.247 Y174.001
X212.748 Y176.126
X211.693 Y178.322
X210.343 Y180.352
X208.704 Y182.154
X206.814 Y183.693
X204.791 Y185.052
X203.094 Y185.967
X202.992 Y186.009
X202.882 Y186.027
X202.771 Y186.02
X197.715 Y185.141
X197.28 Y185.049
X195.462 Y184.512
G3 X195.13 Y182.833 I0.342 J-0.94
G1 X209.697 Y169.552
X209.715 Y169.537
G3 X210.44 Y169.294 I0.656 J0.755
G1 X213.76 Y169.642
X214.501 Y169.758
X215.188 Y170.058
X216.341 Y171.018
X216.934 Y172.396
X217.113 Y173.885
X216.872 Y176.174
X216.1 Y178.485
X214.989 Y180.654
X213.604 Y182.658
X211.996 Y184.49
X210.192 Y186.128
X209.473 Y186.661
X209.373 Y186.718
X209.263 Y186.752
X209.148 Y186.759
X207.121 Y186.649
X206.567 Y186.61
X204.907 Y186.387
X202.771 Y186.02
G3 X202.175 Y184.444 I0.206 J-0.979
G1 X212.888 Y170.043
G3 X213.76 Y169.642 I0.802 J0.597
G1 X215.973 Y169.875
X216.526 Y169.921
X217.08 Y169.936
X217.384 Y169.916
X218.134 Y169.905
X218.827 Y170.191
X220.008 Y171.115
X220.697 Y172.448
X220.993 Y174.232
X220.873 Y176.492
X220.221 Y178.84
X219.293 Y181.093
X218.117 Y183.228
X216.695 Y185.207
X215.237 Y186.861
X215.129 Y186.954
X214.999 Y187.012
X214.858 Y187.031
X214.313 Y187.027
X213.76 Y187.007
X209.148 Y186.759
G3 X208.363 Y185.277 I0.089 J-0.996
G1 X216.609 Y170.425
G3 X217.384 Y169.916 I0.874 J0.485
G1 X220.953 Y169.665
X221.703 Y169.649
X222.41 Y169.898
X223.644 Y170.751
X224.403 Y172.045
X224.817 Y173.545
X224.943 Y175.969
X224.541 Y178.373
X223.816 Y180.7
X222.852 Y182.938
X221.668 Y185.068
X220.664 Y186.529
X220.562 Y186.638
X220.432 Y186.712
X220.286 Y186.745
X215.973 Y187.038
X214.858 Y187.031
G3 X213.972 Y185.66 I0.043 J-0.999
G1 X220.13 Y170.287
G3 X220.953 Y169.665 I0.928 J0.372
G1 X223.166 Y169.508
X224.826 Y169.328
X225.571 Y169.246
X226.951 Y169.835
X227.909 Y170.988
X228.498 Y172.368
X228.929 Y174.767
X228.836 Y177.202
X228.379 Y179.595
X227.622 Y181.912
X226.686 Y184.162
X225.655 Y186.139
X225.552 Y186.274
X225.41 Y186.367
X225.246 Y186.407
X220.286 Y186.745
G3 X219.297 Y185.45 I-0.033 J-0.999
G1 X224.067 Y170.013
G3 X224.826 Y169.328 I0.955 J0.295
G1 X225.379 Y169.237
X228.145 Y168.665
X228.887 Y168.55
X230.335 Y168.941
X231.443 Y169.952
X232.199 Y171.388
X232.797 Y173.575
X232.917 Y176.009
X232.711 Y178.437
X232.208 Y180.822
X231.427 Y183.13
X230.512 Y185.388
X230.3 Y185.815
X230.198 Y185.954
X230.054 Y186.05
X229.886 Y186.091
X225.246 Y186.407
G3 X224.232 Y185.211 I-0.033 J-0.999
G1 X227.401 Y169.44
G3 X228.145 Y168.665 I0.98 J0.197
G1 X231.886 Y167.892
X232.628 Y167.777
X234.075 Y168.172
X235.198 Y169.166
X236.131 Y170.842
X236.716 Y172.798
X236.893 Y175.228
X236.811 Y177.664
X236.481 Y180.078
X235.917 Y182.449
X235.095 Y184.743
X234.993 Y184.993
X234.914 Y185.125
X234.798 Y185.227
X234.656 Y185.288
X232.157 Y185.935
X229.886 Y186.091
G3 X228.863 Y184.954 I-0.033 J-0.999
G1 X231.132 Y168.725
G3 X231.886 Y167.892 I0.99 J0.139
G1 X232.572 Y167.726
X234.231 Y167.17
X235.068 Y166.869
X235.785 Y166.65
X237.276 Y166.813
X238.51 Y167.666
X239.424 Y168.856
X240.304 Y170.814
X240.8 Y173.2
X240.911 Y175.635
X240.793 Y178.069
X240.463 Y180.483
X239.937 Y182.863
X239.658 Y183.745
X239.581 Y183.894
X239.459 Y184.01
X239.307 Y184.078
X234.656 Y185.288
G3 X233.44 Y184.252 I-0.218 J-0.976
G1 X234.441 Y167.737
G3 X235.068 Y166.869 I0.998 J0.06
G1 X238.373 Y165.678
X239.091 Y165.46
X240.591 Y165.445
X241.913 Y166.153
X243.025 Y167.455
X243.89 Y169.079
X243.962 Y169.346
X243.97 Y169.436
Y182.489
X243.944 Y182.628
X243.915 Y182.697
X243.871 Y182.766
X243.767 Y182.874
X243.68 Y182.929
X243.637 Y182.948
X239.307 Y184.078
G3 X238.089 Y183.123 I-0.218 J-0.976
G1 X237.745 Y166.628
G3 X238.373 Y165.678 I1. J-0.021
G1 X239.764 Y165.171
X241.424 Y164.421
X241.728 Y164.255
X242.403 Y163.928
X243.442 Y163.87
X243.603 Y163.887
X243.75 Y163.955
X243.868 Y164.066
X243.944 Y164.209
X243.97 Y164.369
G3 X243.625 Y165.046 I-0.899 J-0.031
G1 Y165.047
X242.743 Y165.737
G3 X241.445 Y165.537 I-0.555 J-0.709
X241.728 Y164.255 I0.743 J-0.508
G1 X243.267 Y163.399
X243.39 Y163.366
X243.514 Y163.364
X243.637 Y163.394
X243.701 Y163.423
X243.801 Y163.496
X243.891 Y163.603
X243.928 Y163.672
X243.952 Y163.741
X243.97 Y163.88
Y169.436
G3 X243.084 Y170.394 I-0.999 J-0.035
G1 X215.42 Y171.04
X214.867 Y171.011
X209.887 Y170.488
X206.014 Y169.642
X205.575 Y169.553
X205.461 Y169.521
X201.035 Y167.802
X200.481 Y167.557
X200.172 Y167.339
X197.162 Y164.942
X196.681 Y164.572
X196.608 Y164.502
X193.842 Y160.982
X193.665 Y160.697
X193.45 Y160.144
X192.182 Y155.485
G3 Y154.198 I2.416 J-0.644
G1 X193.289 Y150.152
X193.498 Y149.628
X222.404 Y102.862
X222.556 Y102.585
X223.719 Y100.299
X223.962 Y99.818
X224.022 Y99.674
X224.192 Y99.265
X224.272 Y98.932
X224.726 Y95.944
X224.803 Y95.391
X224.801 Y94.837
X224.741 Y94.533
X224.633 Y93.79
X225.16 Y92.386
X226.229 Y91.334
X227.799 Y90.383
X230.107 Y89.6
X232.51 Y89.199
X234.945 Y89.105
X237.369 Y89.36
X239.748 Y89.886
X242.04 Y90.714
X244.197 Y91.848
X246.124 Y93.34
X247.877 Y95.033
X249.246 Y96.727
X249.304 Y96.817
X249.341 Y96.917
X249.357 Y97.022
X249.401 Y98.158
X249.373 Y98.711
X248.978 Y103.969
X248.565 Y105.511
G3 X247.163 Y106.112 I-0.956 J-0.294
G1 X225.269 Y95.2
G3 X224.741 Y94.533 I0.446 J-0.895
G1 X224.692 Y94.284
X223.972 Y91.516
X223.819 Y90.782
X223.917 Y89.285
X224.719 Y88.017
X225.89 Y87.081
X228.061 Y86.029
X230.432 Y85.464
X232.848 Y85.15
X235.284 Y85.097
X237.705 Y85.378
X240.094 Y85.858
X242.422 Y86.579
X244.662 Y87.539
X246.785 Y88.735
X248.595 Y90.204
X248.685 Y90.3
X248.747 Y90.416
X248.777 Y90.545
X249.29 Y95.944
X249.336 Y96.497
X249.357 Y97.022
G3 X248.117 Y97.997 I-1. J0.004
G1 X224.69 Y92.2
G3 X223.972 Y91.516 I0.24 J-0.971
G1 X223.381 Y89.303
X223.283 Y89.06
X223.166 Y88.817
X223.029 Y88.611
X222.921 Y88.472
X222.461 Y87.88
X222.348 Y87.139
X222.527 Y85.649
X223.347 Y84.393
X224.903 Y83.157
X226.847 Y82.21
X229.216 Y81.641
X231.624 Y81.264
X234.056 Y81.105
X236.491 Y81.178
X238.905 Y81.515
X241.288 Y82.023
X243.61 Y82.764
X245.861 Y83.696
X246.675 Y84.121
X246.776 Y84.191
X246.857 Y84.284
X246.913 Y84.393
X248.636 Y89.125
X248.659 Y89.303
X248.777 Y90.545
G3 X247.662 Y91.598 I-0.998 J0.06
G1 X223.634 Y88.759
X223.495 Y88.743
G3 X222.921 Y88.472 I0.117 J-0.993
G1 X220.953 Y86.47
X220.453 Y85.911
X220.136 Y85.231
X219.878 Y83.753
X220.349 Y82.329
X221.375 Y81.005
X222.903 Y79.734
X225.068 Y78.616
X227.41 Y77.942
X229.804 Y77.486
X232.224 Y77.195
X234.658 Y77.094
X237.093 Y77.2
X239.502 Y77.565
X241.889 Y78.058
X243.712 Y78.6
X243.813 Y78.642
X243.901 Y78.705
X243.975 Y78.785
X245.755 Y81.241
X245.877 Y81.554
X246.913 Y84.393
G3 X246.005 Y85.702 I-0.951 J0.31
G1 X221.681 Y86.741
X221.668 Y86.742
G3 X220.953 Y86.47 I-0.029 J-1.
G1 X218.74 Y84.24
X218.463 Y84.021
X217.875 Y83.556
X217.503 Y82.905
X217.164 Y81.443
X217.523 Y79.987
X218.29 Y78.698
X219.756 Y77.141
X221.77 Y75.77
X223.971 Y74.722
X226.327 Y74.103
X228.715 Y73.616
X231.131 Y73.292
X233.562 Y73.124
X235.999 Y73.132
X238.427 Y73.33
X239.076 Y73.441
X239.161 Y73.463
X239.24 Y73.5
X239.312 Y73.55
X241.424 Y75.311
X241.503 Y75.389
X243.975 Y78.785
G3 X243.3 Y80.333 I-0.829 J0.559
G1 X219.23 Y84.084
X219.057 Y84.111
G3 X218.463 Y84.021 I-0.154 J-0.988
G1 X218.186 Y83.874
X217.633 Y83.622
X215.973 Y82.953
X215.292 Y82.639
X214.754 Y82.117
X213.995 Y80.823
X213.898 Y79.326
X214.321 Y77.879
X215.235 Y76.213
X216.842 Y74.38
X218.802 Y72.933
X220.913 Y71.715
X223.152 Y70.752
X225.523 Y70.19
X227.91 Y69.697
X230.323 Y69.362
X232.788 Y69.165
X232.87 Y69.17
X232.949 Y69.188
X233.025 Y69.219
X235.843 Y70.661
X239.312 Y73.55
G3 X238.972 Y75.24 I-0.667 J0.745
G1 X216.74 Y82.923
X216.64 Y82.958
G3 X215.973 Y82.953 I-0.327 J-0.945
G1 X212.653 Y81.621
X211.972 Y81.307
X211.405 Y80.817
X210.594 Y79.554
X210.424 Y78.064
X210.74 Y76.471
X211.547 Y74.631
X212.984 Y72.663
X214.697 Y70.93
X216.693 Y69.532
X218.804 Y68.314
X221.022 Y67.304
X223.344 Y66.566
X225.473 Y66.115
X225.555 Y66.104
X225.638 Y66.108
X225.719 Y66.125
X228.699 Y67.013
X233.025 Y69.219
G3 X233.016 Y70.973 I-0.485 J0.874
G1 X213.47 Y81.56
X213.453 Y81.569
X213.435 Y81.577
X213.418 Y81.586
G3 X212.653 Y81.621 I-0.425 J-0.905
G1 X211.547 Y81.182
X210.994 Y80.996
X210.44 Y80.909
X209.583 Y80.82
X208.841 Y80.706
X208.206 Y80.308
X207.181 Y79.212
X206.79 Y77.764
X206.822 Y76.264
X207.392 Y74.095
X208.506 Y71.927
X209.993 Y69.996
X211.708 Y68.265
X213.631 Y66.768
X215.695 Y65.472
X217.901 Y64.305
X217.99 Y64.276
X218.082 Y64.264
X218.175 Y64.27
X219.846 Y64.527
X220.399 Y64.623
X221.506 Y64.88
X225.719 Y66.125
G3 X226.03 Y67.85 I-0.318 J0.948
G1 X210.309 Y80.577
X210.28 Y80.6
G3 X209.583 Y80.82 I-0.629 J-0.777
G1 X206.014 Y80.452
X205.273 Y80.337
X204.626 Y79.958
X203.575 Y78.888
X203.071 Y77.475
X202.987 Y75.866
X203.366 Y73.594
X204.276 Y71.334
X205.486 Y69.218
X207.016 Y67.322
X208.728 Y65.587
X210.608 Y64.037
X211.519 Y63.414
X211.62 Y63.361
X211.73 Y63.332
X211.843 Y63.328
X212.1 Y63.35
X212.653 Y63.42
X218.175 Y64.27
G3 X218.754 Y65.895 I-0.187 J0.982
G1 X206.848 Y80.096
G3 X206.014 Y80.452 I-0.766 J-0.642
G1 X202.141 Y80.056
X201.399 Y79.946
X200.153 Y79.11
X199.441 Y77.79
X199.141 Y76.32
X199.215 Y73.945
X199.815 Y71.583
X200.777 Y69.345
X202.013 Y67.245
X203.489 Y65.305
X205.137 Y63.51
X205.554 Y63.126
X205.662 Y63.05
X205.786 Y63.005
X205.917 Y62.994
X210.44 Y63.211
X211.843 Y63.328
G3 X212.565 Y64.864 I-0.118 J0.993
G1 X203.044 Y79.601
G3 X202.141 Y80.056 I-0.84 J-0.543
G1 X201.19 Y79.966
X198.821 Y80.158
X198.072 Y80.188
X196.722 Y79.534
X195.828 Y78.329
X195.373 Y76.9
X195.17 Y74.645
X195.481 Y72.228
X196.147 Y69.884
X197.155 Y67.665
X198.363 Y65.549
X199.772 Y63.561
X200.097 Y63.178
X200.192 Y63.09
X200.307 Y63.031
X200.434 Y63.002
X201.035 Y62.949
X202.694 Y62.872
X203.248 Y62.866
X205.917 Y62.994
G3 X206.739 Y64.416 I-0.083 J0.997
G1 X199.603 Y79.592
G3 X198.821 Y80.158 I-0.905 J-0.426
G1 X195.577 Y80.447
X194.828 Y80.477
X193.375 Y80.101
X192.298 Y79.058
X191.676 Y77.688
X191.253 Y75.687
X191.275 Y73.25
X191.674 Y70.846
X192.387 Y68.516
X193.383 Y66.292
X194.546 Y64.15
X194.845 Y63.691
X194.945 Y63.58
X195.074 Y63.503
X195.22 Y63.467
X200.434 Y63.002
G3 X201.439 Y64.311 I0.054 J0.999
G1 X196.404 Y79.765
G3 X195.577 Y80.447 I-0.951 J-0.31
G1 X192.182 Y80.75
X191.629 Y80.858
X190.889 Y80.981
X189.471 Y80.493
X188.441 Y79.402
X187.713 Y77.823
X187.263 Y75.755
X187.272 Y73.318
X187.597 Y70.903
X188.174 Y68.535
X188.991 Y66.239
X189.961 Y64.184
X190.061 Y64.043
X190.202 Y63.944
X190.369 Y63.899
X195.22 Y63.467
G3 X196.243 Y64.71 I0.054 J0.999
G1 X192.351 Y80.134
G3 X191.629 Y80.858 I-0.97 J-0.245
G1 X190.522 Y81.1
X189.969 Y81.237
X188.309 Y81.682
X187.576 Y81.839
X186.11 Y81.521
X184.961 Y80.556
X184.17 Y79.25
X183.493 Y77.252
X183.227 Y74.83
X183.325 Y72.395
X183.692 Y69.986
X184.283 Y67.621
X185.069 Y65.315
X185.379 Y64.604
X185.478 Y64.457
X185.622 Y64.354
X185.793 Y64.307
X190.369 Y63.899
G3 X191.412 Y65.048 I0.054 J0.999
G1 X189.005 Y80.876
G3 X188.309 Y81.682 I-0.989 J-0.15
G1 X184.989 Y82.571
X184.256 Y82.729
X182.76 Y82.625
X181.499 Y81.812
X180.525 Y80.454
X179.795 Y78.752
X179.341 Y76.358
X179.228 Y73.923
X179.384 Y71.492
X179.79 Y69.089
X180.384 Y66.725
X180.831 Y65.367
X180.91 Y65.218
X181.033 Y65.104
X181.186 Y65.037
X182.776 Y64.644
X183.329 Y64.553
X184.777 Y64.397
X185.793 Y64.307
G3 X186.844 Y65.376 I0.054 J0.999
G1 X185.694 Y81.685
G3 X184.989 Y82.571 I-0.998 J-0.07
G1 X183.329 Y83.016
X182.709 Y83.215
X181.313 Y83.768
X180.606 Y84.018
X179.115 Y83.856
X177.858 Y83.037
X176.818 Y81.67
X175.998 Y79.897
X175.478 Y77.517
X175.26 Y75.09
X175.279 Y72.653
X175.514 Y70.227
X175.957 Y67.831
X176.305 Y66.514
X176.38 Y66.353
X176.507 Y66.228
X176.669 Y66.156
X181.186 Y65.037
G3 X182.392 Y66.045 I0.206 J0.978
G1 X181.9 Y82.886
G3 X181.313 Y83.768 I-1. J-0.029
G1 X181.116 Y83.849
X178.35 Y85.137
X177.655 Y85.419
X176.161 Y85.554
X174.796 Y84.933
X173.729 Y83.878
X172.69 Y82.229
X171.867 Y79.936
X171.43 Y77.538
X171.254 Y75.108
X171.28 Y72.671
X171.489 Y70.243
X171.824 Y68.173
X171.879 Y68.012
X171.985 Y67.879
X172.129 Y67.79
X175.03 Y66.61
X175.584 Y66.425
X176.669 Y66.156
G3 X177.873 Y67.075 I0.206 J0.978
G1 X178.895 Y84.186
G3 X178.35 Y85.137 I-0.998 J0.06
G1 X174.726 Y86.825
X174.031 Y87.107
X172.532 Y87.154
X171.194 Y86.476
X170.05 Y85.322
X169.287 Y84.115
X169.245 Y84.031
X169.219 Y83.941
X169.21 Y83.848
X169.215 Y69.249
X169.252 Y69.12
X169.286 Y69.055
X169.375 Y68.949
X169.456 Y68.885
X169.583 Y68.825
X172.129 Y67.79
G3 X173.468 Y68.625 I0.344 J0.939
G1 X175.267 Y85.83
G3 X174.726 Y86.825 I-0.995 J0.104
G1 X173.924 Y87.198
X173.07 Y87.642
X171.711 Y88.601
X171.077 Y89.002
X169.586 Y89.17
X169.532 Y89.149
X169.401 Y89.075
X169.298 Y88.966
X169.233 Y88.831
X169.21 Y88.682
X169.229 Y88.672
X169.249 Y88.666
X169.981 Y88.541
X172.294 Y88.147
X172.33 Y88.133
X172.358 Y88.107
X172.374 Y88.072
X172.376 Y88.033
X172.363 Y87.997
X172.338 Y87.968
X172.303 Y87.951
X172.265 Y87.949
X172.228 Y87.961
X172.199 Y87.986
X171.711 Y88.601
X169.979 Y89.821
X169.862 Y89.872
X169.723 Y89.892
X169.584 Y89.872
X169.456 Y89.815
X169.374 Y89.75
X169.284 Y89.637
X169.25 Y89.57
X169.214 Y89.436
X169.21 Y83.848
G3 X169.527 Y83.151 I0.999 J0.035
G0 Z50.
X285.235 Y181.994
Z15.

; Ramp in to draw 'i' dot

G3 X281.808 Y181.346 I-1.407 J-1.943 F1000.
X282.65 Y177.965 I2.018 J-1.293
X285.974 Y178.997 I1.175 J2.086
X284.756 Y182.254 I-2.147 J1.053
X281.577 Y180.853 I-0.928 J-2.202
X283.154 Y177.762 I2.249 J-0.8
X286.148 Y179.512 I0.67 J2.288
X284.232 Y182.397 I-2.321 J0.538
X281.463 Y180.323 I-0.405 J-2.345
X283.69 Y177.679 I2.362 J-0.27
X286.2 Y180.05 I0.135 J2.371
X281.45 I-2.375 J0.
X286.2 I2.375 J0.
G1 X286.547 Y182.462
X286.642 Y183.064
X286.529 Y183.805
X286.188 Y184.473
X285.17 Y185.575
X283.753 Y186.067
X282.254 Y186.009
X280.84 Y185.508
X279.607 Y184.653
X278.624 Y183.52
X277.945 Y182.183
X277.605 Y180.722
X277.623 Y179.222
X277.998 Y177.77
X278.708 Y176.448
X279.713 Y175.334
X280.953 Y174.491
X282.359 Y173.967
X283.849 Y173.793
X285.337 Y173.978
X286.739 Y174.513
X287.973 Y175.365
X288.969 Y176.487
X289.669 Y177.813
X290.3 Y180.167
X290.601 Y182.586
X290.478 Y184.081
X290.03 Y185.512
X289.077 Y187.155
X288.061 Y188.259
X286.528 Y189.248
X285.122 Y189.77
X283.212 Y190.016
X281.318 Y189.845
X279.567 Y189.289
X277.717 Y188.218
X276.102 Y186.735
X274.831 Y184.92
X273.978 Y182.861
X273.589 Y180.666
X273.681 Y178.474
X274.236 Y176.388
X275.25 Y174.428
X276.684 Y172.707
X278.456 Y171.337
X280.481 Y170.382
X282.665 Y169.887
X284.904 Y169.875
X287.094 Y170.347
X289.132 Y171.281
X290.903 Y172.62
X292.318 Y174.281
X293.382 Y176.283
X294.033 Y178.631
X294.459 Y181.031
X294.583 Y183.385
X294.198 Y185.699
X293.289 Y187.96
X292.776 Y188.75
X292.727 Y188.813
X292.669 Y188.868
X292.603 Y188.913
X289.145 Y190.878
X289.076 Y190.91
X289.006 Y190.93
X283.819 Y191.679
X283.75
X278.563 Y190.918
X278.494 Y190.895
X274.137 Y188.424
X274.028 Y188.335
X271.393 Y184.772
X271.355 Y184.703
X271.33 Y184.634
X270.493 Y180.345
X270.472 Y180.206
X270.485 Y180.068
X271.358 Y175.732
X271.39 Y175.641
X271.428 Y175.571
X274.068 Y171.934
X274.128 Y171.88
X278.494 Y169.254
X278.632 Y169.215
X283.563 Y168.446
X283.794 Y168.417
X286.793 Y168.856
X289.006 Y169.185
X289.076 Y169.207
X289.283 Y169.319
X293.481 Y171.766
X293.555 Y171.836
X295.888 Y175.087
X296.199 Y175.534
X296.238 Y175.641
X297.086 Y180.137
X297.087 Y180.206
X296.242 Y184.612
X296.199 Y184.729
X295.57 Y185.603
X293.597 Y188.301
X293.532 Y188.37
X293.433 Y188.441
X292.603 Y188.913
G3 X291.841 Y188.981 I-0.463 J-0.886
G0 Z50.
X285.011 Y78.516
Z15.0

; Ramp in to draw 'i' main

G3 X281.584 Y77.868 I-1.407 J-1.943 F1000.
X282.425 Y74.486 I2.018 J-1.293
X285.75 Y75.518 I1.175 J2.086
X284.532 Y78.775 I-2.147 J1.053
X281.352 Y77.375 I-0.928 J-2.202
X282.93 Y74.284 I2.249 J-0.8
X285.923 Y76.033 I0.67 J2.288
X284.008 Y78.919 I-2.321 J0.538
X281.239 Y76.845 I-0.405 J-2.345
X283.465 Y74.201 I2.362 J-0.27
X285.976 Y76.572 I0.135 J2.371
X281.226 I-2.375 J0.
X285.976 I2.375 J0.
G1 X286.323 Y78.984
X286.418 Y79.586
X286.304 Y80.327
X285.963 Y80.995
X284.945 Y82.097
X283.528 Y82.589
X282.029 Y82.53
X280.615 Y82.03
X279.383 Y81.175
X278.4 Y80.042
X277.72 Y78.705
X277.38 Y77.244
X277.399 Y75.744
X277.774 Y74.291
X278.484 Y72.97
X279.488 Y71.856
X280.729 Y71.013
X282.134 Y70.489
X283.624 Y70.315
X285.113 Y70.5
X286.514 Y71.034
X287.749 Y71.887
X288.744 Y73.009
X289.445 Y74.335
X290.076 Y76.689
X290.376 Y79.107
X290.254 Y80.602
X289.806 Y82.034
X288.852 Y83.677
X287.837 Y84.781
X286.304 Y85.77
X284.898 Y86.292
X282.988 Y86.537
X281.094 Y86.367
X279.342 Y85.811
X277.493 Y84.74
X275.878 Y83.257
X274.607 Y81.442
X273.753 Y79.382
X273.364 Y77.188
X273.457 Y74.996
X274.011 Y72.91
X275.025 Y70.95
X276.46 Y69.229
X278.232 Y67.859
X280.257 Y66.904
X282.44 Y66.409
X284.679 Y66.397
X286.87 Y66.869
X288.908 Y67.803
X290.679 Y69.142
X292.094 Y70.802
X293.157 Y72.805
X293.809 Y75.153
X294.235 Y77.552
X294.359 Y79.906
X293.974 Y82.221
X293.064 Y84.482
X291.763 Y86.486
X290.125 Y88.097
X288.06 Y89.39
X285.899 Y90.183
X283.484 Y90.509
X281.05 Y90.397
X278.681 Y89.826
X276.467 Y88.807
X274.449 Y87.441
X272.7 Y85.744
X272.417 Y85.327
X272.37 Y85.24
X272.341 Y85.145
X272.331 Y85.046
Y69.932
X272.406 Y68.434
X273.155 Y67.134
X274.79 Y65.414
X275.278 Y65.085
X275.365 Y65.039
X275.459 Y65.01
X275.557 Y65.
X275.554 Y65.024
X275.545 Y65.046
X275.182 Y65.688
X272.369 Y70.664
X272.357 Y70.702
X272.36 Y70.741
X272.378 Y70.776
X272.408 Y70.801
X272.445 Y70.813
X272.484 Y70.81
X272.519 Y70.792
X272.544 Y70.762
X272.556 Y70.724
X272.552 Y70.685
X272.331 Y69.932
Y65.504
X272.35 Y65.374
X272.373 Y65.31
X272.434 Y65.208
X272.546 Y65.097
X272.615 Y65.054
X272.685 Y65.026
X272.823 Y65.
X289.56
X291.058 Y65.075
X292.436 Y65.667
X294.163 Y67.044
X294.765 Y67.789
X294.826 Y67.884
X294.863 Y67.991
X294.876 Y68.103
X294.854 Y68.1
X294.834 Y68.093
X294.173 Y67.756
X288.823 Y65.036
X288.786 Y65.026
X288.748 Y65.03
X288.714 Y65.049
X288.689 Y65.079
X288.678 Y65.116
X288.682 Y65.155
X288.701 Y65.189
X288.731 Y65.213
X288.768 Y65.225
X288.806 Y65.221
X289.56 Y65.
X294.401 Y65.002
X294.47 Y65.013
X294.539 Y65.034
X294.608 Y65.066
X294.718 Y65.146
X294.789 Y65.23
X294.841 Y65.328
X294.872 Y65.445
X294.876 Y86.535
X294.801 Y88.033
X294.151 Y89.385
X293.17 Y90.614
X291.275 Y92.145
X289.133 Y93.308
X286.826 Y94.093
X284.411 Y94.421
X281.975 Y94.469
X279.553 Y94.194
X277.197 Y93.571
X274.995 Y92.528
X272.916 Y91.256
X272.518 Y90.936
X272.417 Y90.827
X272.353 Y90.693
X272.331 Y90.546
Y85.046
G3 X273.403 Y84.084 I0.999 J0.035
G1 X293.949 Y85.573
G3 X294.876 Y86.535 I-0.072 J0.997
G1 Y92.07
X294.839 Y92.819
X294.317 Y94.225
X293.27 Y95.357
X291.461 Y96.61
X289.206 Y97.533
X286.853 Y98.17
X284.432 Y98.444
X281.995 Y98.465
X279.569 Y98.229
X277.185 Y97.726
X274.877 Y96.943
X272.7 Y95.848
X272.564 Y95.762
X272.439 Y95.65
X272.359 Y95.504
X272.331 Y95.339
Y90.546
G3 X273.404 Y89.584 I0.999 J0.035
G1 X293.951 Y91.107
G3 X294.876 Y92.07 I-0.074 J0.997
G1 Y96.497
X294.801 Y97.996
X294.007 Y99.268
X292.553 Y100.381
X290.344 Y101.409
X287.98 Y102.
X285.569 Y102.355
X283.135 Y102.471
X280.7 Y102.381
X278.282 Y102.077
X275.905 Y101.537
X273.606 Y100.73
X272.616 Y100.26
X272.466 Y100.15
X272.366 Y99.992
X272.331 Y99.809
Y95.339
G3 X273.387 Y94.376 I0.999 J0.035
G1 X293.933 Y95.534
G3 X294.876 Y96.497 I-0.056 J0.998
G1 Y100.925
X294.839 Y101.674
X294.33 Y103.085
X293.279 Y104.156
X291.795 Y105.026
X289.476 Y105.776
X287.074 Y106.186
X284.648 Y106.423
X282.212 Y106.461
X279.779 Y106.324
X277.365 Y105.987
X274.993 Y105.428
X272.683 Y104.652
X272.63 Y104.628
X272.473 Y104.519
X272.368 Y104.359
X272.331 Y104.171
Y99.809
G3 X273.385 Y98.845 I0.999 J0.035
G1 X293.931 Y99.961
G3 X294.876 Y100.925 I-0.054 J0.999
G1 Y105.353
X294.839 Y106.102
X294.257 Y107.484
X293.125 Y108.468
X291.345 Y109.356
X288.981 Y109.948
X286.565 Y110.269
X284.135 Y110.456
X281.698 Y110.46
X279.267 Y110.296
X276.854 Y109.953
X274.476 Y109.421
X272.684 Y108.868
X272.542 Y108.798
X272.429 Y108.687
X272.356 Y108.547
X272.331 Y108.39
Y104.171
G3 X273.388 Y103.207 I0.999 J0.035
G1 X293.934 Y104.389
G3 X294.876 Y105.353 I-0.057 J0.998
G1 Y109.227
X294.801 Y110.725
X293.989 Y111.986
X292.758 Y112.843
X290.533 Y113.722
X288.126 Y114.108
X285.702 Y114.358
X283.268 Y114.476
X280.832 Y114.43
X278.403 Y114.238
X275.994 Y113.866
X273.618 Y113.326
X272.687 Y113.047
X272.544 Y112.978
X272.43 Y112.867
X272.356 Y112.725
X272.331 Y112.568
Y108.39
G3 X273.371 Y107.426 I0.999 J0.035
G1 X293.917 Y108.262
G3 X294.876 Y109.227 I-0.041 J0.999
G1 Y113.654
X294.839 Y114.403
X294.203 Y115.762
X293.072 Y116.748
X291.488 Y117.491
X289.111 Y118.026
X286.687 Y118.278
X284.255 Y118.441
X281.819 Y118.461
X279.385 Y118.341
X276.962 Y118.081
X274.561 Y117.663
X272.715 Y117.222
X272.562 Y117.157
X272.439 Y117.046
X272.359 Y116.9
X272.331 Y116.736
Y112.568
G3 X273.383 Y111.604 I0.999 J0.035
G1 X293.929 Y112.691
G3 X294.876 Y113.654 I-0.053 J0.999
G1 Y117.528
X294.839 Y118.278
X294.335 Y119.691
X293.244 Y120.72
X291.448 Y121.56
X289.07 Y122.092
X286.641 Y122.295
X284.209 Y122.451
X281.773 Y122.459
X279.338 Y122.344
X276.913 Y122.102
X274.507 Y121.72
X272.725 Y121.333
X272.568 Y121.27
X272.442 Y121.158
X272.359 Y121.011
X272.331 Y120.844
Y116.736
G3 X273.369 Y115.771 I0.999 J0.035
G1 X293.915 Y116.564
G3 X294.876 Y117.528 I-0.039 J0.999
G1 Y121.956
X294.839 Y122.705
X294.147 Y124.036
X292.962 Y124.956
X290.981 Y125.766
X288.58 Y126.18
X286.148 Y126.335
X283.715 Y126.474
X281.278 Y126.455
X278.845 Y126.322
X276.421 Y126.071
X274.013 Y125.693
X272.728 Y125.422
X272.57 Y125.36
X272.443 Y125.248
X272.36 Y125.1
X272.331 Y124.933
Y120.844
G3 X273.384 Y119.881 I0.999 J0.035
G1 X293.931 Y120.992
G3 X294.876 Y121.956 I-0.054 J0.999
G1 Y125.83
X294.839 Y126.579
X294.221 Y127.946
X293.099 Y128.942
X291.25 Y129.74
X288.856 Y130.199
X286.422 Y130.319
X283.99 Y130.467
X281.553 Y130.46
X279.119 Y130.346
X276.692 Y130.126
X274.278 Y129.791
X272.739 Y129.502
X272.577 Y129.442
X272.446 Y129.33
X272.361 Y129.181
X272.331 Y129.011
Y124.933
G3 X273.374 Y123.969 I0.999 J0.035
G1 X293.92 Y124.866
G3 X294.876 Y125.83 I-0.044 J0.999
G1 Y129.704
X294.839 Y130.453
X294.324 Y131.862
X293.243 Y132.902
X291.45 Y133.724
X289.067 Y134.237
X286.631 Y134.304
X284.2 Y134.464
X281.763 Y134.461
X279.328 Y134.363
X276.899 Y134.165
X274.481 Y133.864
X272.747 Y133.569
X272.583 Y133.511
X272.449 Y133.399
X272.361 Y133.248
X272.331 Y133.076
Y129.011
G3 X273.364 Y128.046 I0.999 J0.035
G1 X293.91 Y128.74
G3 X294.876 Y129.704 I-0.034 J0.999
G1 Y134.132
X294.839 Y134.881
X294.142 Y136.209
X292.953 Y137.124
X291.027 Y137.897
X288.623 Y138.296
X286.186 Y138.314
X283.756 Y138.491
X281.319 Y138.454
X278.885 Y138.347
X276.456 Y138.141
X274.038 Y137.839
X272.749 Y137.625
X272.584 Y137.566
X272.449 Y137.455
X272.362 Y137.303
X272.331 Y137.131
Y133.076
G3 X273.382 Y132.113 I0.999 J0.035
G1 X293.928 Y133.168
G3 X294.876 Y134.132 I-0.051 J0.999
G1 Y138.006
X294.839 Y138.755
X294.211 Y140.117
X293.08 Y141.103
X291.2 Y141.891
X288.802 Y142.326
X286.366 Y142.305
X283.936 Y142.49
X281.499 Y142.458
X279.064 Y142.36
X276.634 Y142.174
X274.213 Y141.897
X272.755 Y141.674
X272.588 Y141.617
X272.452 Y141.505
X272.362 Y141.353
X272.331 Y141.179
Y137.131
G3 X273.373 Y136.167 I0.999 J0.035
G1 X293.919 Y137.042
G3 X294.876 Y138.006 I-0.043 J0.999
G1 Y141.88
X294.839 Y142.629
X294.304 Y144.031
X293.213 Y145.061
X291.414 Y145.867
X289.121 Y146.34
X286.684 Y146.306
X284.253 Y146.475
X281.816 Y146.467
X279.381 Y146.378
X276.949 Y146.214
X274.525 Y145.963
X272.762 Y145.718
X272.593 Y145.662
X272.454 Y145.551
X272.363 Y145.398
X272.331 Y145.223
Y141.179
G3 X273.364 Y140.215 I0.999 J0.035
G1 X293.911 Y140.916
G3 X294.876 Y141.88 I-0.034 J0.999
G1 Y145.754
X294.801 Y147.252
X293.997 Y148.519
X293.031 Y149.175
X292.944 Y149.222
X292.849 Y149.251
X292.75 Y149.261
X294.655 Y145.001
X294.876 Y145.754
X294.874 Y148.798
X294.862 Y148.867
X294.84 Y148.937
X294.805 Y149.006
X294.756 Y149.075
X294.702 Y149.129
X294.593 Y149.202
X294.47 Y149.248
X294.401 Y149.259
X272.834 Y149.261
X272.706 Y149.242
X272.579 Y149.186
X272.515 Y149.139
X272.451 Y149.075
X272.408 Y149.016
X272.352 Y148.893
X272.331 Y148.769
Y145.223
G3 X272.648 Y144.526 I0.999 J0.035
G0 Z50.
X393.237 Y128.413
Z20.

; Ramp in to draw 'm'

G3 X389.81 Y127.765 I-1.407 J-1.943 F1000.
X390.652 Y124.384 I2.018 J-1.293
X393.976 Y125.416 I1.175 J2.086
X392.758 Y128.673 I-2.147 J1.053
X389.579 Y127.272 I-0.928 J-2.202
X391.156 Y124.181 I2.249 J-0.8
X394.15 Y125.931 I0.67 J2.288
X392.234 Y128.816 I-2.321 J0.538
X389.465 Y126.742 I-0.405 J-2.345
X391.692 Y124.098 I2.362 J-0.27
X394.202 Y126.469 I0.135 J2.371
X389.452 I-2.375 J0.
X394.202 I2.375 J0.
G1 X394.549 Y128.881
X394.644 Y129.483
X394.531 Y130.225
X394.189 Y130.892
X393.171 Y131.994
X391.754 Y132.486
X390.255 Y132.428
X388.842 Y131.927
X387.609 Y131.072
X386.626 Y129.939
X385.946 Y128.602
X385.607 Y127.141
X385.625 Y125.641
X386. Y124.189
X386.71 Y122.867
X387.714 Y121.753
X388.955 Y120.91
X390.361 Y120.386
X391.85 Y120.212
X393.339 Y120.397
X394.741 Y120.932
X395.975 Y121.784
X396.971 Y122.906
X397.671 Y124.233
X398.302 Y126.586
X398.603 Y129.005
X398.48 Y130.5
X398.032 Y131.931
X397.078 Y133.574
X396.063 Y134.678
X394.53 Y135.667
X393.124 Y136.189
X391.214 Y136.435
X389.32 Y136.264
X387.569 Y135.708
X385.719 Y134.637
X384.104 Y133.154
X382.833 Y131.339
X381.98 Y129.28
X381.591 Y127.085
X381.683 Y124.893
X382.238 Y122.807
X383.252 Y120.847
X384.686 Y119.126
X386.458 Y117.756
X388.483 Y116.801
X390.667 Y116.306
X392.906 Y116.294
X395.096 Y116.766
X397.134 Y117.7
X398.905 Y119.039
X400.32 Y120.7
X401.384 Y122.702
X402.035 Y125.05
X402.461 Y127.45
X402.585 Y129.804
X402.2 Y132.118
X401.29 Y134.379
X399.989 Y136.383
X398.351 Y137.994
X396.286 Y139.287
X394.125 Y140.081
X391.71 Y140.407
X389.276 Y140.294
X386.907 Y139.723
X384.693 Y138.705
X382.676 Y137.338
X380.926 Y135.641
X379.559 Y133.624
X378.516 Y131.422
X377.844 Y129.079
X377.627 Y127.268
X377.624 Y127.193
X377.632 Y127.118
X377.651 Y127.045
X379.414 Y121.956
X379.544 Y121.403
X379.6 Y120.849
X379.797 Y119.362
X380.789 Y117.583
X382.408 Y115.762
X384.377 Y114.325
X386.576 Y113.276
X388.91 Y112.576
X391.327 Y112.26
X393.762 Y112.336
X396.131 Y112.909
X398.377 Y113.855
X400.444 Y115.146
X402.275 Y116.754
X403.313 Y118.045
X403.363 Y118.121
X403.399 Y118.206
X403.419 Y118.296
X403.67 Y120.296
X403.717 Y120.572
X403.791 Y120.849
X404.089 Y121.535
X405.347 Y124.17
X406.128 Y126.037
X406.561 Y128.435
X406.51 Y130.872
X406.053 Y133.265
X405.357 Y134.99
X405.264 Y135.139
X405.127 Y135.247
X404.961 Y135.304
X404.786 Y135.301
X404.622 Y135.239
X404.356 Y135.081
X404.089 Y134.962
X403.813 Y134.874
X403.536 Y134.821
X402.983 Y134.808
X402.706 Y134.849
X402.429 Y134.919
X401.876 Y135.178
X401.776 Y135.239
X401.323 Y135.655
X401.203 Y135.792
X400.769 Y136.451
X397.45 Y141.651
X396.58 Y142.874
X395.291 Y143.641
X393.221 Y144.246
X390.789 Y144.408
X388.359 Y144.231
X386.002 Y143.61
X383.745 Y142.692
X381.623 Y141.494
X379.66 Y140.049
X377.95 Y138.313
X376.545 Y136.322
X375.373 Y134.186
X374.461 Y131.926
X374.258 Y131.159
X374.242 Y131.014
X374.268 Y130.871
X374.335 Y130.741
X374.436 Y130.636
X376.425 Y129.092
X376.69 Y128.88
X376.954 Y128.597
X377.157 Y128.304
X377.294 Y128.044
X377.651 Y127.045
G3 X379.19 Y126.61 I0.933 J0.361
G1 X397.195 Y140.348
G3 X397.45 Y141.651 I-0.607 J0.795
G1 X396.707 Y142.811
X396.536 Y142.987
X392.579 Y146.861
X391.524 Y147.792
X391.426 Y147.845
X392.963 Y146.176
X392.579 Y146.861
X391.709 Y147.709
X391.64 Y147.757
X391.364 Y147.871
X389.937 Y148.336
X387.506 Y148.179
X385.16 Y147.517
X382.875 Y146.67
X380.693 Y145.586
X378.628 Y144.291
X376.698 Y142.803
X375.026 Y141.03
X373.578 Y139.071
X372.326 Y136.98
X371.273 Y134.782
X370.87 Y133.675
X370.84 Y133.521
X370.859 Y133.366
X370.925 Y133.224
X371.032 Y133.109
X371.17 Y133.033
X371.445 Y132.904
X372.058 Y132.472
X374.436 Y130.636
G3 X375.717 Y130.731 I0.584 J0.812
G1 X391.649 Y146.243
G3 X391.364 Y147.871 I-0.698 J0.717
G1 X385.07 Y150.274
X384.171 Y150.411
X382.678 Y150.553
X380.498 Y149.979
X378.332 Y148.863
X376.288 Y147.536
X374.357 Y146.049
X372.625 Y144.335
X371.078 Y142.452
X369.708 Y140.437
X368.502 Y138.319
X367.48 Y136.107
X367.112 Y134.862
X367.094 Y134.671
X367.149 Y134.487
X367.27 Y134.337
X367.438 Y134.244
X370.892 Y133.134
X371.17 Y133.033
G3 X372.253 Y133.356 I0.306 J0.952
G1 X384.769 Y148.797
G3 X384.171 Y150.411 I-0.777 J0.63
G1 X377.324 Y151.41
X377.255 Y151.411
X376.425 Y151.308
X374.948 Y151.045
X373.013 Y150.069
X371.126 Y148.528
X369.425 Y146.782
X367.902 Y144.879
X366.523 Y142.871
X365.288 Y140.77
X364.207 Y138.586
X363.425 Y136.537
X363.331 Y135.904
X363.334 Y135.743
X363.387 Y135.59
X363.487 Y135.463
X363.621 Y135.374
X363.777 Y135.333
X364.08 Y135.298
X364.806 Y135.087
X367.438 Y134.244
G3 X368.575 Y134.703 I0.273 J0.962
G1 X377.38 Y149.808
G3 X376.425 Y151.308 I-0.864 J0.504
G1 X369.232 Y150.393
X368.126 Y149.939
X366.771 Y149.295
X365.157 Y147.859
X363.728 Y145.885
X362.428 Y143.824
X361.259 Y141.685
X360.236 Y139.474
X359.598 Y137.662
X359.417 Y136.173
X359.576 Y135.067
X359.625 Y134.911
X359.722 Y134.78
X359.857 Y134.686
X360.014 Y134.642
X360.177 Y134.65
X363.146 Y135.29
X363.423 Y135.329
X363.7 Y135.341
X363.777 Y135.333
G3 X364.779 Y135.987 I0.063 J0.998
G1 X369.417 Y148.659
G3 X368.126 Y149.939 I-0.939 J0.344
G1 X361.694 Y147.259
X359.827 Y145.867
X358.672 Y144.909
X357.346 Y142.865
X356.377 Y140.629
X355.632 Y138.386
X355.419 Y136.33
X355.601 Y134.752
X355.819 Y134.119
X355.896 Y133.976
X356.016 Y133.865
X356.165 Y133.798
X356.327 Y133.783
X356.486 Y133.821
X357.06 Y133.968
X360.177 Y134.65
G3 X360.929 Y135.569 I-0.248 J0.969
G1 X361.396 Y144.996
G3 X359.827 Y145.867 I-0.999 J0.05
G1 X355.469 Y142.603
X355.326 Y142.434
X352.685 Y139.113
X351.811 Y137.894
X351.534 Y136.161
X351.638 Y134.429
X352.048 Y132.986
X352.798 Y131.687
X352.903 Y131.591
X353.055 Y131.497
X353.231 Y131.462
X353.407 Y131.491
X353.562 Y131.58
X355.4 Y133.137
X355.969 Y133.578
X356.238 Y133.717
X356.486 Y133.821
G3 X356.884 Y135.303 I-0.421 J0.907
G1 X354.264 Y139.038
G3 X352.685 Y139.113 I-0.819 J-0.574
G1 X350.421 Y136.27
X350.171 Y135.995
X349.92 Y135.792
X349.338 Y135.32
X348.515 Y134.066
X348.352 Y132.574
X348.735 Y131.081
X349.413 Y129.742
X349.961 Y129.151
X350.088 Y129.051
X350.241 Y128.998
X350.403 Y128.996
X350.557 Y129.046
X350.687 Y129.143
X353.562 Y131.58
G3 X353.628 Y132.995 I-0.672 J0.74
G1 X351.214 Y135.636
G3 X349.92 Y135.792 I-0.738 J-0.675
G1 X349.729 Y135.666
X349.591 Y135.587
X349.314 Y135.466
X349.038 Y135.383
X348.761 Y135.334
X348.208 Y135.314
X347.931 Y135.328
X347.182 Y135.365
X346.489 Y135.078
X345.901 Y134.612
X344.998 Y133.414
X344.738 Y131.937
X344.892 Y130.445
X345.495 Y128.702
X346.366 Y127.284
X347.409 Y126.206
X348.265 Y125.72
X348.419 Y125.663
X348.584 Y125.66
X348.74 Y125.71
X348.872 Y125.808
X348.965 Y125.944
X349.942 Y128.044
X350.233 Y128.597
X350.421 Y128.868
X350.687 Y129.143
G3 X350.846 Y130.244 I-0.743 J0.669
G1 X348.682 Y134.771
G3 X347.931 Y135.328 I-0.902 J-0.431
G1 X347.654 Y135.36
X347.101 Y135.535
X346.872 Y135.643
X346.643 Y135.792
X346.548 Y135.865
X346.289 Y136.106
X346.014 Y136.36
X345.317 Y136.639
X344.568 Y136.677
X343.1 Y136.37
X341.959 Y135.396
X341.271 Y134.063
X340.909 Y132.608
X340.868 Y130.723
X341.33 Y128.391
X342.309 Y126.159
X343.698 Y124.235
X345.113 Y122.973
X346.421 Y122.24
X346.746 Y122.152
X346.919 Y122.137
X347.087 Y122.182
X347.23 Y122.281
X347.33 Y122.424
X348.965 Y125.944
G3 X349.008 Y126.601 I-0.921 J0.389
G1 X348.977 Y126.711
X346.569 Y135.378
X346.463 Y135.759
G3 X346.289 Y136.106 I-0.964 J-0.268
G1 X346.088 Y136.346
X345.994 Y136.498
X345.791 Y136.899
X345.64 Y137.453
X345.617 Y137.729
X345.586 Y138.103
X345.174 Y138.73
X344.594 Y139.205
X343.232 Y139.834
X341.737 Y139.71
X340.382 Y139.069
X339.223 Y138.116
X338.16 Y136.655
X337.319 Y134.73
X336.849 Y132.339
X336.902 Y129.902
X337.435 Y127.524
X338.32 Y125.254
X339.514 Y123.129
X341.01 Y121.205
X342.87 Y119.631
X344.455 Y118.761
X345.695 Y118.399
X345.868 Y118.38
X346.037 Y118.421
X346.181 Y118.517
X346.284 Y118.657
X346.332 Y118.824
X346.494 Y120.296
X346.548 Y120.582
X346.624 Y120.849
X346.855 Y121.403
X347.33 Y122.424
G3 X347.335 Y123.189 I-0.921 J0.389
G1 X346.907 Y124.315
X346.529 Y125.457
X346.506 Y125.544
X346.492 Y125.632
X345.365 Y135.012
X345.359 Y135.101
X345.36 Y135.19
X345.426 Y136.072
X345.521 Y136.95
X345.607 Y137.585
X345.615 Y137.657
X345.617 Y137.729
X345.608 Y138.006
Y140.22
X345.57 Y140.969
X345.31 Y141.672
X344.381 Y142.85
X342.997 Y143.429
X341.501 Y143.529
X339.832 Y143.133
X338.078 Y142.283
X336.598 Y141.114
X335.057 Y139.226
X333.944 Y137.058
X333.203 Y134.736
X332.805 Y132.332
X332.911 Y129.898
X333.322 Y127.496
X334.031 Y125.164
X334.996 Y122.926
X336.23 Y120.825
X337.732 Y118.906
X339.49 Y117.219
X341.465 Y115.791
X343.528 Y114.84
X344.994 Y114.521
X345.43 Y114.536
X345.604 Y114.574
X345.753 Y114.669
X345.86 Y114.811
X345.91 Y114.981
X346.332 Y118.824
G3 X346.307 Y119.136 I-0.997 J0.075
G1 X346.197 Y119.594
X345.777 Y121.555
X345.435 Y123.53
X345.424 Y123.648
X345.02 Y135.522
X345.023 Y135.64
X345.219 Y137.547
X345.487 Y139.444
X345.594 Y140.084
X345.603 Y140.152
X345.608 Y140.22
Y144.094
X345.57 Y144.843
X344.869 Y146.169
X343.603 Y146.974
X342.151 Y147.348
X340.239 Y147.291
X338.024 Y146.731
X335.846 Y145.638
X333.946 Y144.112
X332.359 Y142.263
X331.03 Y140.22
X330.004 Y138.009
X329.313 Y135.673
X328.903 Y133.27
X328.84 Y130.834
X329.08 Y128.409
X329.552 Y126.018
X330.304 Y123.7
X331.271 Y121.464
X332.456 Y119.334
X333.853 Y117.338
X335.456 Y115.502
X337.251 Y113.854
X339.253 Y112.464
X341.439 Y111.386
X343.567 Y110.723
X345.061 Y110.597
X345.189 Y110.617
X345.353 Y110.672
X345.489 Y110.781
X345.579 Y110.929
X345.613 Y111.099
X345.645 Y111.994
X345.703 Y113.101
X345.91 Y114.981
X345.913 Y115.06
X345.909 Y115.138
X345.858 Y115.764
X345.236 Y129.669
X345.607 Y144.067
X345.608 Y144.094
Y147.719
X345.576 Y148.356
X345.319 Y148.958
X345.243 Y149.081
X345.134 Y149.178
X345.003 Y149.24
X344.859 Y149.261
X344.855 Y149.232
X344.86 Y149.203
X345.082 Y148.511
X345.578 Y146.968
X345.582 Y146.931
X345.573 Y146.895
X345.552 Y146.865
X345.52 Y146.845
X345.484 Y146.837
X345.447 Y146.844
X345.416 Y146.863
X345.393 Y146.893
X345.383 Y146.929
X345.387 Y146.965
X345.608 Y147.719
X345.606 Y148.798
X345.594 Y148.867
X345.572 Y148.937
X345.537 Y149.006
X345.488 Y149.075
X345.441 Y149.123
X345.372 Y149.174
X345.303 Y149.213
X345.234 Y149.24
X345.165 Y149.255
X343.228 Y149.261
X336.035
X334.537 Y149.186
X332.615 Y148.179
X330.751 Y146.609
X329.212 Y144.72
X327.86 Y142.692
X326.744 Y140.526
X325.874 Y138.25
X325.26 Y135.891
X324.889 Y133.483
X324.848 Y131.046
X325.03 Y128.616
X325.423 Y126.211
X326.024 Y123.849
X326.847 Y121.555
X327.846 Y119.333
X329.061 Y117.22
X330.452 Y115.219
X332.014 Y113.348
X333.738 Y111.626
X335.621 Y110.08
X337.659 Y108.744
X339.867 Y107.712
X342.184 Y106.959
X344.213 Y106.654
X345.142 Y106.718
X345.323 Y106.765
X345.473 Y106.875
X345.573 Y107.033
X345.608 Y107.217
X345.613 Y111.099
X345.606 Y111.207
X345.587 Y111.313
X345.458 Y111.868
X336.975 Y148.487
G3 X336.035 Y149.261 I-0.974 J-0.226
G1 X329.949
X329.2 Y149.223
X327.81 Y148.659
X326.501 Y147.582
X324.999 Y145.663
X323.782 Y143.552
X323.111 Y142.124
X323.084 Y142.056
X323.068 Y141.985
X323.063 Y141.911
Y122.509
X323.147 Y120.825
X323.774 Y118.539
X324.911 Y116.383
X326.188 Y114.308
X327.616 Y112.333
X329.202 Y110.484
X330.938 Y108.773
X332.807 Y107.209
X334.807 Y105.817
X336.939 Y104.636
X339.187 Y103.695
X341.517 Y102.982
X343.932 Y102.659
X345.147 Y102.753
X345.326 Y102.801
X345.475 Y102.912
X345.574 Y103.069
X345.608 Y103.251
Y107.217
G3 X345.206 Y107.984 I-0.999 J-0.035
G1 X324.659 Y123.277
G3 X323.063 Y122.509 I-0.597 J-0.802
G1 Y114.208
X323.138 Y112.71
X323.696 Y111.201
X325.014 Y109.152
X326.654 Y107.349
X328.408 Y105.657
X330.287 Y104.106
X332.278 Y102.7
X334.381 Y101.469
X336.585 Y100.428
X338.871 Y99.585
X341.221 Y98.94
X343.643 Y98.672
X345.244 Y98.766
X345.39 Y98.834
X345.507 Y98.945
X345.582 Y99.088
X345.608 Y99.247
Y103.251
G3 X345.079 Y104.099 I-0.999 J-0.035
G1 X324.533 Y115.055
G3 X323.063 Y114.208 I-0.471 J-0.882
G1 Y107.566
X323.138 Y106.068
X323.968 Y104.593
X325.593 Y102.776
X327.483 Y101.238
X329.445 Y99.794
X331.51 Y98.5
X333.666 Y97.363
X335.902 Y96.393
X338.204 Y95.594
X340.562 Y94.979
X342.985 Y94.723
X345.018 Y94.746
X345.221 Y94.793
X345.375 Y94.858
X345.5 Y94.969
X345.58 Y95.115
X345.608 Y95.28
Y99.247
G3 X344.984 Y100.139 I-0.999 J-0.035
G1 X324.438 Y108.458
G3 X323.063 Y107.566 I-0.375 J-0.927
G1 Y102.032
X323.138 Y100.534
X323.941 Y99.267
X325.668 Y97.548
X327.673 Y96.162
X329.75 Y94.887
X331.915 Y93.769
X334.148 Y92.793
X336.44 Y91.966
X338.784 Y91.299
X341.182 Y90.863
X343.613 Y90.7
X345.201 Y90.781
X345.241 Y90.792
X345.388 Y90.859
X345.506 Y90.971
X345.582 Y91.114
X345.608 Y91.274
Y95.28
G3 X344.921 Y96.195 I-0.999 J-0.035
G1 X324.375 Y102.947
G3 X323.063 Y102.032 I-0.312 J-0.95
G1 Y97.051
X323.138 Y95.553
X323.93 Y94.279
X325.593 Y92.715
X327.687 Y91.467
X329.844 Y90.333
X332.066 Y89.332
X334.342 Y88.462
X336.667 Y87.731
X339.037 Y87.165
X341.447 Y86.805
X343.881 Y86.682
X345.149 Y86.787
X345.328 Y86.836
X345.476 Y86.946
X345.574 Y87.103
X345.608 Y87.285
Y91.274
G3 X344.879 Y92.202 I-0.999 J-0.035
G1 X324.333 Y97.979
G3 X323.063 Y97.051 I-0.271 J-0.963
G1 Y92.07
X323.1 Y91.321
X323.656 Y89.927
X324.734 Y88.776
X326.744 Y87.398
X328.94 Y86.342
X331.175 Y85.371
X333.461 Y84.525
X335.793 Y83.817
X338.166 Y83.263
X340.574 Y82.889
X343.004 Y82.712
X345.051 Y82.765
X345.229 Y82.809
X345.38 Y82.874
X345.502 Y82.986
X345.581 Y83.131
X345.608 Y83.294
Y87.285
G3 X344.835 Y88.224 I-0.999 J-0.035
G1 X324.289 Y93.009
G3 X323.063 Y92.07 I-0.227 J-0.974
G1 Y87.642
X323.138 Y86.144
X323.935 Y84.873
X325.498 Y83.6
X327.675 Y82.506
X329.921 Y81.56
X332.21 Y80.725
X334.542 Y80.017
X336.911 Y79.445
X339.312 Y79.029
X341.736 Y78.781
X344.173 Y78.72
X345.163 Y78.829
X345.337 Y78.881
X345.48 Y78.992
X345.575 Y79.147
X345.608 Y79.326
Y83.294
G3 X344.816 Y84.237 I-0.999 J-0.035
G1 X324.269 Y88.586
G3 X323.063 Y87.642 I-0.207 J-0.978
G1 Y83.215
X323.138 Y81.717
X323.933 Y80.445
X325.287 Y79.331
X327.459 Y78.227
X329.738 Y77.364
X332.046 Y76.581
X334.392 Y75.923
X336.771 Y75.39
X339.176 Y75.
X341.603 Y74.779
X344.039 Y74.723
X345.162 Y74.845
X345.336 Y74.897
X345.48 Y75.008
X345.575 Y75.163
X345.608 Y75.342
Y79.326
G3 X344.795 Y80.274 I-0.999 J-0.035
G1 X324.248 Y84.162
G3 X323.063 Y83.215 I-0.186 J-0.983
G1 Y78.787
X323.1 Y78.038
X323.564 Y76.611
X324.579 Y75.507
X326.508 Y74.281
X328.799 Y73.449
X331.11 Y72.677
X333.46 Y72.032
X335.838 Y71.5
X338.242 Y71.097
X340.665 Y70.842
X343.1 Y70.735
X345.119 Y70.819
X345.236 Y70.85
X345.385 Y70.917
X345.504 Y71.028
X345.581 Y71.172
X345.608 Y71.333
Y75.342
G3 X344.774 Y76.293 I-0.999 J-0.035
G1 X324.228 Y79.738
G3 X323.063 Y78.787 I-0.165 J-0.986
G1 Y74.359
X323.1 Y73.61
X323.57 Y72.186
X324.613 Y71.108
X326.724 Y69.89
X329.048 Y69.156
X331.378 Y68.443
X333.745 Y67.861
X336.134 Y67.381
X338.545 Y67.026
X340.972 Y66.806
X343.407 Y66.722
X345.189 Y66.818
X345.242 Y66.833
X345.389 Y66.901
X345.506 Y67.012
X345.582 Y67.155
X345.608 Y67.314
Y71.333
G3 X344.754 Y72.288 I-0.999 J-0.035
G1 X324.208 Y75.314
G3 X323.063 Y74.359 I-0.146 J-0.989
G1 Y69.932
X323.1 Y69.183
X323.648 Y67.786
X324.719 Y66.736
X326.871 Y65.592
X328.953 Y65.008
X329.044 Y65.
X323.284 Y70.685
X323.063 Y69.932
X323.067 Y65.451
X323.092 Y65.345
X323.144 Y65.238
X323.216 Y65.152
X323.31 Y65.078
X323.379 Y65.042
X323.448 Y65.017
X323.587 Y65.
X344.888
X345.165 Y65.006
X345.234 Y65.021
X345.303 Y65.048
X345.372 Y65.087
X345.441 Y65.138
X345.521 Y65.23
X345.571 Y65.321
X345.605 Y65.459
X345.608 Y67.314
X345.603 Y67.386
X345.593 Y67.458
X345.478 Y68.089
X330.898 Y148.44
G3 X329.949 Y149.261 I-0.984 J-0.179
G1 X324.97
X324.221 Y149.223
X323.374 Y148.877
X323.247 Y148.802
X323.148 Y148.693
X323.085 Y148.56
X323.063 Y148.414
X323.092 Y148.41
X323.121 Y148.415
X323.814 Y148.633
X325.722 Y149.231
X325.758 Y149.235
X325.794 Y149.226
X325.824 Y149.204
X325.844 Y149.173
X325.852 Y149.137
Y149.136
X325.845 Y149.099
X325.825 Y149.068
X325.796 Y149.046
X325.76 Y149.036
X325.723 Y149.04
X324.97 Y149.261
X323.517 Y149.257
X323.448 Y149.244
X323.379 Y149.219
X323.31 Y149.183
X323.215 Y149.109
X323.134 Y149.006
X323.099 Y148.937
X323.077 Y148.867
X323.065 Y148.798
X323.063 Y141.911
G3 X323.863 Y140.966 I0.999 J0.035
G1 X347.101 Y134.206
G3 X348.208 Y134.202 I0.563 J2.436
G1 X363.146 Y136.555
G2 X364.253 Y136.493 I0.417 J-2.465
G1 X365.913 Y136.019
X366.466 Y135.863
X366.706 Y135.792
X370.892 Y134.444
X371.445 Y134.219
X371.59 Y134.132
X374.765 Y131.959
X374.814 Y131.918
X377.942 Y129.151
G2 X378.716 Y127.491 I-1.721 J-1.813
G1 X379.513 Y121.63
X379.544 Y121.403
X379.6 Y120.849
X380.096 Y114.761
X380.16 Y114.014
X380.733 Y112.628
X381.729 Y111.506
X383.747 Y110.14
X386.01 Y109.235
X388.357 Y108.579
X390.779 Y108.305
X393.216 Y108.304
X395.63 Y108.635
X397.975 Y109.299
X400.199 Y110.293
X402.275 Y111.571
X402.54 Y111.78
X402.64 Y111.886
X402.705 Y112.016
X402.73 Y112.16
X402.74 Y112.547
X402.766 Y113.101
X403.419 Y118.296
G3 X402.256 Y119.372 I-0.996 J0.09
G1 X380.928 Y115.748
G3 X380.096 Y114.761 I0.167 J-0.986
G1 X380.156 Y113.101
X380.159 Y110.334
X380.234 Y108.835
X381.03 Y107.564
X382.438 Y106.482
X384.645 Y105.449
X386.997 Y104.81
X389.402 Y104.416
X391.835 Y104.283
X394.27 Y104.375
X396.678 Y104.75
X399.015 Y105.442
X401.265 Y106.376
X402.444 Y107.02
X402.582 Y107.132
X402.672 Y107.284
X402.704 Y107.459
Y110.887
X402.73 Y112.16
G3 X401.64 Y113.147 I-1. J-0.009
G1 X381.069 Y111.295
G3 X380.159 Y110.334 I0.09 J-0.996
G1 Y105.906
X380.197 Y105.157
X380.71 Y103.747
X381.762 Y102.678
X383.358 Y101.748
X385.679 Y101.004
X388.077 Y100.573
X390.502 Y100.332
X392.939 Y100.302
X395.37 Y100.465
X397.772 Y100.88
X400.101 Y101.597
X402.366 Y102.495
X402.429 Y102.527
X402.575 Y102.638
X402.671 Y102.793
X402.704 Y102.973
Y107.459
G3 X401.629 Y108.421 I-0.999 J-0.035
G1 X381.083 Y106.868
G3 X380.159 Y105.906 I0.075 J-0.997
G1 Y101.478
X380.197 Y100.729
X380.773 Y99.345
X381.9 Y98.355
X383.751 Y97.429
X386.114 Y96.835
X388.527 Y96.491
X390.956 Y96.301
X393.393 Y96.303
X395.823 Y96.492
X398.225 Y96.897
X400.575 Y97.545
X402.375 Y98.199
X402.508 Y98.272
X402.614 Y98.382
X402.681 Y98.518
X402.704 Y98.669
Y102.973
G3 X401.632 Y103.936 I-0.999 J-0.035
G1 X381.086 Y102.441
G3 X380.159 Y101.478 I0.073 J-0.997
G1 Y97.604
X380.234 Y96.106
X381.039 Y94.84
X382.262 Y93.972
X384.51 Y93.069
X386.914 Y92.671
X389.336 Y92.402
X391.77 Y92.281
X394.206 Y92.331
X396.634 Y92.548
X399.032 Y92.982
X401.385 Y93.616
X402.367 Y93.956
X402.504 Y94.028
X402.611 Y94.139
X402.68 Y94.276
X402.704 Y94.429
Y98.669
G3 X401.653 Y99.632 I-0.999 J-0.035
G1 X381.107 Y98.568
G3 X380.159 Y97.604 I0.052 J-0.999
G1 Y93.177
X380.197 Y92.428
X380.816 Y91.062
X381.939 Y90.067
X383.503 Y89.317
X385.876 Y88.763
X388.298 Y88.492
X390.729 Y88.319
X393.165 Y88.297
X395.599 Y88.425
X398.019 Y88.709
X400.409 Y89.184
X402.34 Y89.731
X402.486 Y89.8
X402.603 Y89.911
X402.678 Y90.053
X402.704 Y90.212
Y94.429
G3 X401.644 Y95.392 I-0.999 J-0.035
G1 X381.098 Y94.14
G3 X380.159 Y93.177 I0.061 J-0.998
G1 Y89.303
X380.197 Y88.554
X380.678 Y87.133
X381.76 Y86.094
X383.534 Y85.245
X385.908 Y84.693
X388.335 Y84.473
X390.766 Y84.307
X393.203 Y84.299
X395.637 Y84.42
X398.059 Y84.683
X400.459 Y85.107
X402.325 Y85.573
X402.476 Y85.639
X402.598 Y85.75
X402.677 Y85.895
X402.704 Y86.058
Y90.212
G3 X401.66 Y91.176 I-0.999 J-0.035
G1 X381.114 Y90.267
G3 X380.159 Y89.303 I0.044 J-0.999
G1 Y84.875
X380.197 Y84.126
X380.864 Y82.783
X382.04 Y81.852
X383.989 Y81.035
X386.387 Y80.6
X388.818 Y80.43
X391.25 Y80.283
X393.687 Y80.302
X396.12 Y80.443
X398.542 Y80.713
X400.943 Y81.129
X402.319 Y81.456
X402.473 Y81.52
X402.596 Y81.632
X402.676 Y81.778
X402.704 Y81.942
Y86.058
G3 X401.647 Y87.021 I-0.999 J-0.035
G1 X381.101 Y85.838
G3 X380.159 Y84.875 I0.057 J-0.998
G1 Y81.001
X380.197 Y80.252
X380.788 Y78.873
X381.898 Y77.865
X383.749 Y77.05
X386.139 Y76.573
X388.572 Y76.445
X391.004 Y76.289
X393.441 Y76.299
X395.875 Y76.418
X398.3 Y76.655
X400.71 Y77.02
X402.306 Y77.352
X402.464 Y77.415
X402.592 Y77.526
X402.675 Y77.674
X402.704 Y77.842
Y81.942
G3 X401.659 Y82.906 I-0.999 J-0.035
G1 X381.113 Y81.965
G3 X380.159 Y81.001 I0.046 J-0.999
G1 Y77.127
X380.197 Y76.378
X380.683 Y74.959
X381.75 Y73.905
X383.519 Y73.073
X385.896 Y72.537
X388.332 Y72.462
X390.763 Y72.294
X393.2 Y72.296
X395.635 Y72.398
X398.062 Y72.608
X400.478 Y72.932
X402.295 Y73.268
X402.457 Y73.328
X402.588 Y73.44
X402.674 Y73.59
X402.704 Y73.76
Y77.842
G3 X401.67 Y78.806 I-0.999 J-0.035
G1 X381.124 Y78.091
G3 X380.159 Y77.127 I0.035 J-0.999
G1 Y72.699
X380.197 Y71.95
X380.862 Y70.606
X382.04 Y69.677
X383.917 Y68.9
X386.317 Y68.475
X388.754 Y68.452
X391.184 Y68.265
X393.62 Y68.303
X396.055 Y68.414
X398.482 Y68.631
X400.898 Y68.952
X402.292 Y69.203
X402.455 Y69.262
X402.588 Y69.374
X402.674 Y69.524
X402.704 Y69.695
Y73.76
G3 X401.653 Y74.723 I-0.999 J-0.035
G1 X381.107 Y73.663
G3 X380.159 Y72.699 I0.052 J-0.999
G1 Y68.825
X380.197 Y68.076
X380.792 Y66.699
X381.909 Y65.698
X383.502 Y65.018
X383.635 Y65.
X380.38 Y69.579
X380.159 Y68.825
Y65.504
X380.177 Y65.377
X380.233 Y65.25
X380.298 Y65.165
X380.367 Y65.105
X380.436 Y65.06
X380.505 Y65.029
X380.575 Y65.01
X380.713 Y65.
X399.663
X402.097 Y65.122
X402.328 Y65.181
X402.479 Y65.248
X402.599 Y65.359
X402.677 Y65.504
X402.704 Y65.666
X402.669 Y65.68
X402.631 Y65.681
X401.933 Y65.559
X398.898 Y65.027
X398.859 Y65.028
X398.822 Y65.044
X398.796 Y65.074
X398.782 Y65.111
X398.784 Y65.151
X398.802 Y65.186
X398.832 Y65.212
X398.87 Y65.225
X398.909 Y65.221
X399.663 Y65.
X402.222 Y65.001
X402.291 Y65.012
X402.36 Y65.032
X402.484 Y65.097
X402.575 Y65.176
X402.65 Y65.284
X402.69 Y65.394
X402.704 Y65.504
Y69.695
G3 X402.579 Y70.145 I-0.999 J-0.035
G1 X402.428 Y70.42
X401.781 Y71.642
X401.169 Y72.881
X400.589 Y74.136
G2 X400.504 Y74.593 I0.914 J0.407
G1 X402.773 Y119.844
G2 X402.903 Y120.29 I0.999 J-0.05
G1 X403.877 Y121.923
X404.91 Y123.518
X405.283 Y124.063
X405.347 Y124.17
X407.206 Y128.044
X407.409 Y128.399
X407.558 Y128.597
X407.962 Y129.006
X408.515 Y129.506
X409.578 Y130.564
X409.98 Y132.009
X409.955 Y133.509
X409.43 Y135.608
X408.76 Y136.95
X407.764 Y138.072
X407.688 Y138.116
X407.524 Y138.176
X407.35
X407.186 Y138.117
X407.052 Y138.005
X405.196 Y135.782
X404.919 Y135.482
X404.622 Y135.239
G3 X404.431 Y133.965 I0.661 J-0.751
G1 X407.02 Y129.748
G3 X408.515 Y129.506 I0.852 J0.523
G1 X411.807 Y132.472
X412.87 Y133.53
X413.262 Y134.978
X413.14 Y136.473
X412.617 Y138.036
X411.59 Y139.748
X410.558 Y140.837
X410.176 Y141.074
X410.011 Y141.139
X409.833 Y141.142
X409.665 Y141.083
X409.529 Y140.969
X407.052 Y138.005
G3 X407.061 Y136.766 I0.789 J-0.614
G1 X410.383 Y132.613
G3 X411.807 Y132.472 I0.781 J0.625
G1 X412.425 Y133.025
X412.942 Y133.444
X413.19 Y133.578
X413.495 Y133.701
X414.353 Y133.922
X415.072 Y134.134
X415.647 Y134.616
X416.503 Y135.848
X416.687 Y137.336
X416.451 Y138.818
X415.594 Y140.885
X414.276 Y142.768
X413.082 Y143.864
X413.026 Y143.897
X412.886 Y143.952
X412.737 Y143.963
X412.591 Y143.929
X412.461 Y143.853
X410.885 Y142.578
X410.729 Y142.405
X409.529 Y140.969
G3 X409.5 Y139.78 I0.789 J-0.614
G1 X413.334 Y134.327
G3 X414.353 Y133.922 I0.818 J0.575
G1 X417.921 Y134.783
X418.641 Y134.995
X419.78 Y135.971
X420.293 Y137.38
X420.352 Y138.879
X419.858 Y141.118
X418.831 Y143.329
X417.381 Y145.287
X416.261 Y146.362
X416.111 Y146.461
X415.936 Y146.501
X415.758 Y146.476
X415.6 Y146.39
X412.461 Y143.853
G3 X412.269 Y142.566 I0.655 J-0.755
G1 X416.874 Y135.231
G3 X417.921 Y134.783 I0.847 J0.532
G1 X419.028 Y135.041
X420.376 Y135.335
X420.688 Y135.337
X420.963 Y135.301
X421.335 Y135.253
X422.05 Y135.478
X423.274 Y136.346
X423.958 Y137.681
X424.134 Y139.186
X423.919 Y141.298
X423.154 Y143.612
X422.05 Y145.785
X420.552 Y147.707
X419.978 Y148.291
X419.824 Y148.397
X419.643 Y148.44
X419.458 Y148.413
X417.117 Y147.599
X416.992 Y147.516
X415.6 Y146.39
G3 X415.372 Y145.167 I0.655 J-0.755
G1 X420.335 Y135.8
X420.344 Y135.783
X420.354 Y135.765
G3 X420.963 Y135.301 I0.864 J0.503
G1 X421.241 Y135.238
X423.454 Y134.526
X424.178 Y134.329
X425.663 Y134.536
X426.857 Y135.445
X427.578 Y136.76
X427.959 Y138.223
X428.049 Y140.617
X427.613 Y143.015
X426.795 Y145.311
X425.674 Y147.475
X424.275 Y149.47
X424.084 Y149.686
X423.972 Y149.781
X423.837 Y149.838
X423.69 Y149.855
X423.546 Y149.827
X419.458 Y148.413
G3 X418.868 Y147.165 I0.36 J-0.933
G1 X422.848 Y135.151
G3 X423.454 Y134.526 I0.949 J0.314
G1 X426.774 Y133.443
X427.497 Y133.246
X428.994 Y133.345
X430.247 Y134.169
X431.093 Y135.408
X431.665 Y136.866
X432.043 Y139.274
X431.965 Y141.71
X431.47 Y144.096
X430.656 Y146.393
X429.615 Y148.596
X428.484 Y150.449
X428.391 Y150.561
X428.27 Y150.641
X428.132 Y150.683
X427.987 Y150.684
X424.706 Y150.221
X424.561 Y150.178
X423.546 Y149.827
G3 X422.929 Y148.678 I0.36 J-0.933
G1 X426.14 Y134.166
G3 X426.774 Y133.443 I0.976 J0.216
G1 X427.327 Y133.262
X428.485 Y132.842
X428.71 Y132.701
X429.026 Y132.472
X429.54 Y132.07
X430.153 Y131.638
X430.895 Y131.526
X432.381 Y131.731
X433.63 Y132.561
X434.634 Y133.885
X435.382 Y135.513
X435.898 Y137.895
X436.045 Y140.327
X435.879 Y142.759
X435.33 Y145.133
X434.534 Y147.436
X433.546 Y149.664
X432.789 Y151.035
X432.697 Y151.154
X432.574 Y151.24
X432.432 Y151.287
X432.281 Y151.288
X427.987 Y150.684
G3 X427.168 Y149.58 I0.174 J-0.985
G1 X429.187 Y132.749
X429.19 Y132.716
G3 X429.54 Y132.07 I0.993 J0.119
G1 X432.307 Y129.906
X432.92 Y129.474
X434.394 Y129.2
X435.811 Y129.692
X436.98 Y130.633
X438.209 Y132.193
X439.131 Y134.105
X439.692 Y136.477
X439.99 Y138.895
X440.015 Y141.332
X439.796 Y143.759
X439.197 Y146.121
X438.426 Y148.433
X437.824 Y149.863
X437.746 Y149.99
X437.633 Y150.089
X437.497 Y150.15
X433.059 Y151.377
X432.992 Y151.382
X432.281 Y151.288
G3 X431.456 Y150.278 I0.174 J-0.985
G1 X431.95 Y130.646
X431.951 Y130.626
X431.952 Y130.605
X431.954 Y130.585
G3 X432.307 Y129.906 I0.996 J0.087
G1 X433.678 Y128.833
X433.966 Y128.57
X434.188 Y128.307
X434.356 Y128.044
X434.76 Y127.412
X435.399 Y127.02
X436.857 Y126.664
X438.313 Y127.023
X439.607 Y127.867
X440.998 Y129.286
X442.288 Y131.354
X443.176 Y133.623
X443.68 Y136.008
X443.959 Y138.428
X444.016 Y140.865
X443.866 Y143.297
X443.462 Y145.7
X442.791 Y148.043
X442.63 Y148.503
X442.554 Y148.644
X442.437 Y148.754
X442.292 Y148.821
X437.497 Y150.15
G3 X436.268 Y149.273 I-0.233 J-0.972
G1 X434.32 Y128.819
X434.29 Y128.507
G3 X434.356 Y128.044 I0.995 J-0.095
G1 X434.52 Y127.671
X434.778 Y126.937
X435.347 Y125.277
X435.626 Y124.58
X436.758 Y123.596
X438.223 Y123.272
X439.7 Y123.531
X441.169 Y124.199
X443.045 Y125.609
X444.63 Y127.46
X445.869 Y129.558
X446.769 Y131.823
X447.403 Y134.176
X447.791 Y136.582
X447.998 Y139.01
X448.014 Y141.447
X447.832 Y143.877
X447.419 Y146.279
X447.262 Y146.868
X447.207 Y146.997
X447.119 Y147.106
X447.004 Y147.186
X445.585 Y147.902
X442.529 Y148.755
X442.292 Y148.821
G3 X441.09 Y148.098 I-0.233 J-0.972
G1 X435.395 Y126.048
X435.336 Y125.818
G3 X435.347 Y125.277 I0.968 J-0.25
G1 X436.483 Y121.956
X436.739 Y121.251
X437.805 Y120.195
X439.244 Y119.773
X440.739 Y119.894
X442.328 Y120.39
X444.442 Y121.603
X446.298 Y123.182
X447.837 Y125.072
X449.101 Y127.155
X450.12 Y129.368
X450.897 Y131.678
X451.463 Y134.048
X451.816 Y136.46
X451.998 Y138.89
X452.013 Y141.327
X451.857 Y143.759
X451.81 Y144.08
X451.782 Y144.189
X451.729 Y144.288
X451.656 Y144.374
X450.769 Y145.201
X450.565 Y145.381
X447.004 Y147.186
G3 X445.65 Y146.633 I-0.42 J-0.908
G1 X436.569 Y122.72
X436.513 Y122.573
G3 X436.483 Y121.956 I0.935 J-0.355
G1 X436.713 Y121.203
X436.802 Y120.296
X436.89 Y119.189
X436.986 Y118.445
X437.306 Y117.766
X438.32 Y116.661
X439.728 Y116.146
X441.263 Y116.108
X443.042 Y116.454
X445.277 Y117.426
X447.325 Y118.746
X449.145 Y120.366
X450.697 Y122.245
X452.051 Y124.271
X453.193 Y126.424
X454.136 Y128.671
X454.874 Y130.994
X455.407 Y133.372
X455.759 Y135.783
X455.962 Y138.211
X455.971 Y138.618
X455.965 Y138.704
X455.945 Y138.787
X455.912 Y138.866
X454.261 Y141.932
X454.217 Y141.984
X451.656 Y144.374
G3 X450.119 Y144.093 I-0.656 J-0.755
G1 X437.125 Y119.925
X437.008 Y119.707
G3 X436.89 Y119.189 I0.881 J-0.474
G1 X437.197 Y115.315
X437.292 Y114.571
X438.076 Y113.292
X439.385 Y112.559
X440.856 Y112.264
X442.891 Y112.36
X445.243 Y112.998
X447.451 Y114.028
X449.477 Y115.383
X451.343 Y116.951
X453.011 Y118.727
X454.483 Y120.669
X455.792 Y122.725
X456.902 Y124.894
X457.831 Y127.147
X458.53 Y129.301
X458.538 Y129.372
X458.535 Y129.443
X458.311 Y131.491
X458.056 Y132.472
X456.736 Y137.314
X456.651 Y137.487
X455.912 Y138.866
G3 X454.241 Y138.953 I-0.864 J-0.503
G1 X437.456 Y116.037
X437.39 Y115.947
G3 X437.197 Y115.315 I0.807 J-0.591
G1 X437.24 Y114.761
X437.335 Y113.101
X437.341 Y111.994
X437.379 Y111.245
X437.958 Y109.861
X439.134 Y108.93
X440.57 Y108.498
X442.457 Y108.359
X444.869 Y108.709
X447.192 Y109.445
X449.377 Y110.524
X451.414 Y111.862
X453.324 Y113.375
X455.084 Y115.061
X456.68 Y116.903
X458.111 Y118.875
X459.364 Y120.895
X459.412 Y120.995
X459.436 Y121.103
Y121.213
X458.535 Y129.443
G3 X456.875 Y130.041 I-0.99 J-0.143
G1 X437.67 Y112.701
X437.658 Y112.69
G3 X437.341 Y111.994 I0.682 J-0.731
G1 Y108.12
X437.379 Y107.371
X438.008 Y106.009
X439.204 Y105.103
X440.786 Y104.594
X442.783 Y104.406
X445.202 Y104.706
X447.553 Y105.345
X449.818 Y106.246
X451.965 Y107.399
X453.979 Y108.77
X455.877 Y110.299
X457.647 Y111.973
X459.28 Y113.782
X459.695 Y114.319
X459.753 Y114.412
X459.788 Y114.516
X459.8 Y114.625
Y116.422
X459.789 Y116.975
X459.718 Y118.635
X459.436 Y121.213
G3 X457.904 Y121.91 I-0.99 J-0.143
G1 X437.798 Y108.925
G3 X437.341 Y108.12 I0.543 J-0.84
G1 Y104.246
X437.379 Y103.497
X438.032 Y102.146
X439.217 Y101.227
X440.925 Y100.649
X442.957 Y100.427
X445.38 Y100.691
X447.754 Y101.239
X450.064 Y102.016
X452.293 Y103.002
X454.419 Y104.193
X456.412 Y105.595
X458.311 Y107.123
X459.64 Y108.355
X459.727 Y108.461
X459.781 Y108.586
X459.8 Y108.722
Y114.625
G3 X458.348 Y115.482 I-0.999 J-0.035
G1 X437.888 Y105.103
G3 X437.341 Y104.246 I0.452 J-0.892
G1 Y100.372
X437.379 Y99.622
X438.023 Y98.268
X439.191 Y97.327
X440.942 Y96.698
X442.955 Y96.44
X445.382 Y96.66
X447.775 Y97.124
X450.118 Y97.794
X452.399 Y98.651
X454.607 Y99.682
X456.716 Y100.902
X458.7 Y102.318
X459.611 Y103.042
X459.713 Y103.151
X459.778 Y103.286
X459.8 Y103.433
Y108.722
G3 X458.423 Y109.613 I-0.999 J-0.035
G1 X437.963 Y101.263
G3 X437.341 Y100.372 I0.378 J-0.926
G1 Y96.497
X437.379 Y95.748
X437.992 Y94.379
X439.14 Y93.414
X440.868 Y92.753
X442.863 Y92.457
X445.294 Y92.627
X447.699 Y93.022
X450.066 Y93.602
X452.384 Y94.353
X454.646 Y95.261
X456.84 Y96.321
X458.933 Y97.57
X459.59 Y98.039
X459.703 Y98.15
X459.775 Y98.291
X459.8 Y98.446
Y103.433
G3 X458.48 Y104.345 I-0.999 J-0.035
G1 X438.019 Y97.41
G3 X437.341 Y96.497 I0.321 J-0.947
G1 Y92.623
X437.379 Y91.874
X437.946 Y90.486
X439.072 Y89.495
X440.752 Y88.814
X442.735 Y88.478
X445.169 Y88.6
X447.582 Y88.94
X449.966 Y89.446
X452.311 Y90.108
X454.61 Y90.917
X456.855 Y91.864
X459.039 Y92.946
X459.562 Y93.267
X459.689 Y93.379
X459.771 Y93.527
X459.8 Y93.693
Y98.446
G3 X458.527 Y99.373 I-0.999 J-0.035
G1 X438.067 Y93.55
G3 X437.341 Y92.623 I0.274 J-0.962
G1 Y88.749
X437.379 Y88.
X437.892 Y86.591
X438.996 Y85.575
X440.611 Y84.882
X442.579 Y84.507
X445.014 Y84.579
X447.434 Y84.871
X449.83 Y85.317
X452.194 Y85.906
X454.521 Y86.63
X456.804 Y87.483
X459.037 Y88.459
X459.526 Y88.708
X459.671 Y88.819
X459.767 Y88.974
X459.8 Y89.154
Y93.693
G3 X458.566 Y94.631 I-0.999 J-0.035
G1 X438.105 Y89.686
G3 X437.341 Y88.749 I0.235 J-0.972
G1 Y84.875
X437.379 Y84.126
X437.833 Y82.697
X438.915 Y81.658
X440.452 Y80.958
X442.408 Y80.543
X444.845 Y80.563
X447.269 Y80.815
X449.673 Y81.21
X452.053 Y81.737
X454.4 Y82.39
X456.712 Y83.163
X458.981 Y84.052
X459.505 Y84.288
X459.661 Y84.397
X459.764 Y84.557
X459.8 Y84.744
Y89.154
G3 X458.596 Y90.098 I-0.999 J-0.035
G1 X438.136 Y85.819
G3 X437.341 Y84.875 I0.205 J-0.979
G1 Y80.447
X437.379 Y79.698
X438.061 Y78.362
X439.267 Y77.471
X440.805 Y76.872
X443.214 Y76.499
X445.648 Y76.601
X448.069 Y76.882
X450.471 Y77.29
X452.851 Y77.817
X455.202 Y78.459
X457.52 Y79.211
X459.476 Y79.949
X459.608 Y80.023
X459.711 Y80.132
X459.777 Y80.268
X459.8 Y80.417
Y84.744
G3 X458.595 Y85.687 I-0.999 J-0.035
G1 X438.135 Y81.391
G3 X437.341 Y80.447 I0.206 J-0.979
G1 Y76.573
X437.379 Y75.824
X438.022 Y74.469
X439.191 Y73.53
X441.088 Y72.807
X443.499 Y72.452
X445.93 Y72.622
X448.353 Y72.885
X450.758 Y73.279
X453.142 Y73.78
X455.502 Y74.388
X457.833 Y75.1
X459.467 Y75.677
X459.602 Y75.749
X459.708 Y75.859
X459.776 Y75.997
X459.8 Y76.148
Y80.417
G3 X458.616 Y81.365 I-0.999 J-0.035
G1 X438.156 Y77.521
G3 X437.341 Y76.573 I0.185 J-0.983
G1 Y72.699
X437.379 Y71.95
X437.978 Y70.575
X439.106 Y69.586
X440.931 Y68.838
X443.104 Y68.462
X445.539 Y68.575
X447.964 Y68.815
X450.377 Y69.153
X452.771 Y69.606
X455.146 Y70.155
X457.495 Y70.802
X459.452 Y71.428
X459.592 Y71.499
X459.704 Y71.61
X459.775 Y71.75
X459.8 Y71.905
Y76.148
G3 X458.634 Y77.099 I-0.999 J-0.035
G1 X438.174 Y73.65
G3 X437.341 Y72.699 I0.166 J-0.986
G1 Y68.825
X437.379 Y68.076
X437.905 Y66.671
X438.999 Y65.645
X440.437 Y65.019
X440.573 Y65.
X437.562 Y69.579
X437.341 Y68.825
X437.346 Y65.441
X437.381 Y65.315
X437.413 Y65.252
X437.486 Y65.159
X437.573 Y65.087
X437.68 Y65.032
X437.786 Y65.005
X447.798 Y65.
X450.232 Y65.122
X452.64 Y65.497
X455.021 Y66.015
X457.384 Y66.613
X459.442 Y67.223
X459.586 Y67.292
X459.701 Y67.403
X459.775 Y67.544
X459.8 Y67.702
Y71.905
G3 X458.329 Y72.751 I-0.999 J-0.035
G1 X447.361 Y66.881
G3 X447.798 Y65. I0.472 J-0.882
G1 X459.348 Y65.003
X459.417 Y65.017
X459.536 Y65.065
X459.623 Y65.127
X459.705 Y65.218
X459.763 Y65.321
X459.795 Y65.443
X459.8 Y67.702
G3 X459.483 Y68.398 I-0.999 J-0.035
G0 Z100.

M5
M9
G49
M30
%
