; Stock size: 850, 425, 425

%
O0001
N10 G90 G94 G17 G49 G40 G80
N15 G21

N30 S5000 M03
N35 G17 G90 G94
N40 G54
N45 M08
N50 G00 X832.5 Y70.
N55 G43 Z10. H01
N60 Z0.

N65 G01 X17.5 F1000.
N70 X17.064 Y70.019
N75 X16.632 Y70.076
N80 X16.206 Y70.17
N85 X15.79 Y70.301
N90 X15.387 Y70.468
N95 X15. Y70.67
N100 X14.632 Y70.904
N105 X14.286 Y71.17
N110 X13.965 Y71.465
N115 X13.67 Y71.786
N120 X13.404 Y72.132
N125 X13.17 Y72.5
N130 X12.969 Y72.887
N135 X12.802 Y73.29
N140 X12.67 Y73.706
N145 X12.576 Y74.132
N150 X12.519 Y74.564
N155 X12.5 Y75.
N160 Y350.
N165 X12.519 Y350.436
N170 X12.576 Y350.868
N175 X12.67 Y351.294
N180 X12.802 Y351.71
N185 X12.969 Y352.113
N190 X13.17 Y352.5
N195 X13.404 Y352.868
N200 X13.67 Y353.214
N205 X13.965 Y353.536
N210 X14.286 Y353.83
N215 X14.632 Y354.096
N220 X15. Y354.33
N225 X15.387 Y354.532
N230 X15.79 Y354.698
N235 X16.206 Y354.83
N240 X16.632 Y354.924
N245 X17.064 Y354.981
N250 X17.5 Y355.
N255 X832.5
N260 X832.936 Y354.981
N265 X833.368 Y354.924
N270 X833.794 Y354.83
N275 X834.21 Y354.698
N280 X834.613 Y354.532
N285 X835. Y354.33
N290 X835.368 Y354.096
N295 X835.714 Y353.83
N300 X836.036 Y353.536
N305 X836.33 Y353.214
N310 X836.596 Y352.868
N315 X836.83 Y352.5
N320 X837.032 Y352.113
N325 X837.198 Y351.71
N330 X837.33 Y351.294
N335 X837.424 Y350.868
N340 X837.481 Y350.436
N345 X837.5 Y350.
N350 Y75.
N355 X837.481 Y74.564
N360 X837.424 Y74.132
N365 X837.33 Y73.706
N370 X837.198 Y73.29
N375 X837.032 Y72.887
N380 X836.83 Y72.5
N385 X836.596 Y72.132
N390 X836.33 Y71.786
N395 X836.036 Y71.465
N400 X835.714 Y71.17
N405 X835.368 Y70.904
N410 X835. Y70.67
N415 X834.613 Y70.468
N420 X834.21 Y70.301
N425 X833.794 Y70.17
N430 X833.368 Y70.076
N435 X832.936 Y70.019
N440 X832.5 Y70.

N445 G00 Z10.
N450 X825.368 Y80.904
N455 Z0.

N460 G01 X825. Y80.67
N465 X824.613 Y80.468
N470 X824.21 Y80.301
N475 X823.794 Y80.17
N480 X823.368 Y80.076
N485 X822.936 Y80.019
N490 X822.5 Y80.
N495 X772.5
N500 X772.064 Y80.019
N505 X771.632 Y80.076
N510 X771.206 Y80.17
N515 X770.79 Y80.301
N520 X770.387 Y80.468
N525 X770. Y80.67
N530 X769.632 Y80.904
N535 X769.286 Y81.17
N540 X768.964 Y81.465
N545 X768.67 Y81.786
N550 X768.404 Y82.132
N555 X768.17 Y82.5
N560 X767.968 Y82.887
N565 X767.802 Y83.29
N570 X767.67 Y83.706
N575 X767.576 Y84.132
N580 X767.519 Y84.564
N585 X767.5 Y85.
N590 Y120.
N595 X767.519 Y120.436
N600 X767.576 Y120.868
N605 X767.67 Y121.294
N610 X767.802 Y121.71
N615 X767.968 Y122.113
N620 X768.17 Y122.5
N625 X768.404 Y122.868
N630 X768.67 Y123.214
N635 X768.964 Y123.536
N640 X769.286 Y123.83
N645 X769.632 Y124.096
N650 X770. Y124.33
N655 X770.387 Y124.532
N660 X770.79 Y124.698
N665 X771.206 Y124.83
N670 X771.632 Y124.924
N675 X772.064 Y124.981
N680 X772.5 Y125.
N685 X822.5
N690 X822.936 Y124.981
N695 X823.368 Y124.924
N700 X823.794 Y124.83
N705 X824.21 Y124.698
N710 X824.613 Y124.532
N715 X825. Y124.33
N720 X825.368 Y124.096
N725 X825.714 Y123.83
N730 X826.036 Y123.536
N735 X826.33 Y123.214
N740 X826.596 Y122.868
N745 X826.83 Y122.5
N750 X827.032 Y122.113
N755 X827.198 Y121.71
N760 X827.33 Y121.294
N765 X827.424 Y120.868
N770 X827.481 Y120.436
N775 X827.5 Y120.
N780 Y85.
N785 X827.481 Y84.564
N790 X827.424 Y84.132
N795 X827.33 Y83.706
N800 X827.198 Y83.29
N805 X827.032 Y82.887
N810 X826.83 Y82.5
N815 X826.596 Y82.132
N820 X826.33 Y81.786
N825 X826.036 Y81.465
N830 X825.714 Y81.17
N835 X825.368 Y80.904

N840 G00 Z10.
N845 X757.424 Y84.132
N850 Z0.

N855 G01 X757.33 Y83.706
N860 X757.198 Y83.29
N865 X757.032 Y82.887
N870 X756.83 Y82.5
N875 X756.596 Y82.132
N880 X756.33 Y81.786
N885 X756.036 Y81.465
N890 X755.714 Y81.17
N895 X755.368 Y80.904
N900 X755. Y80.67
N905 X754.613 Y80.468
N910 X754.21 Y80.301
N915 X753.794 Y80.17
N920 X753.368 Y80.076
N925 X752.936 Y80.019
N930 X752.5 Y80.
N935 X702.5
N940 X702.064 Y80.019
N945 X701.632 Y80.076
N950 X701.206 Y80.17
N955 X700.79 Y80.301
N960 X700.387 Y80.468
N965 X700. Y80.67
N970 X699.632 Y80.904
N975 X699.286 Y81.17
N980 X698.964 Y81.465
N985 X698.67 Y81.786
N990 X698.404 Y82.132
N995 X698.17 Y82.5
N1000 X697.968 Y82.887
N1005 X697.802 Y83.29
N1010 X697.67 Y83.706
N1015 X697.576 Y84.132
N1020 X697.519 Y84.564
N1025 X697.5 Y85.
N1030 Y120.
N1035 X697.519 Y120.436
N1040 X697.576 Y120.868
N1045 X697.67 Y121.294
N1050 X697.802 Y121.71
N1055 X697.968 Y122.113
N1060 X698.17 Y122.5
N1065 X698.404 Y122.868
N1070 X698.67 Y123.214
N1075 X698.964 Y123.536
N1080 X699.286 Y123.83
N1085 X699.632 Y124.096
N1090 X700. Y124.33
N1095 X700.387 Y124.532
N1100 X700.79 Y124.698
N1105 X701.206 Y124.83
N1110 X701.632 Y124.924
N1115 X702.064 Y124.981
N1120 X702.5 Y125.
N1125 X752.5
N1130 X752.936 Y124.981
N1135 X753.368 Y124.924
N1140 X753.794 Y124.83
N1145 X754.21 Y124.698
N1150 X754.613 Y124.532
N1155 X755. Y124.33
N1160 X755.368 Y124.096
N1165 X755.714 Y123.83
N1170 X756.036 Y123.536
N1175 X756.33 Y123.214
N1180 X756.596 Y122.868
N1185 X756.83 Y122.5
N1190 X757.032 Y122.113
N1195 X757.198 Y121.71
N1200 X757.33 Y121.294
N1205 X757.424 Y120.868
N1210 X757.481 Y120.436
N1215 X757.5 Y120.
N1220 Y85.
N1225 X757.481 Y84.564
N1230 X757.424 Y84.132

N1235 G00 Z10.
N1240 X687.481 Y84.564
N1245 Z0.

N1250 G01 X687.424 Y84.132
N1255 X687.33 Y83.706
N1260 X687.198 Y83.29
N1265 X687.032 Y82.887
N1270 X686.83 Y82.5
N1275 X686.596 Y82.132
N1280 X686.33 Y81.786
N1285 X686.036 Y81.465
N1290 X685.714 Y81.17
N1295 X685.368 Y80.904
N1300 X685. Y80.67
N1305 X684.613 Y80.468
N1310 X684.21 Y80.301
N1315 X683.794 Y80.17
N1320 X683.368 Y80.076
N1325 X682.936 Y80.019
N1330 X682.5 Y80.
N1335 X632.5
N1340 X632.064 Y80.019
N1345 X631.632 Y80.076
N1350 X631.206 Y80.17
N1355 X630.79 Y80.301
N1360 X630.387 Y80.468
N1365 X630. Y80.67
N1370 X629.632 Y80.904
N1375 X629.286 Y81.17
N1380 X628.964 Y81.465
N1385 X628.67 Y81.786
N1390 X628.404 Y82.132
N1395 X628.17 Y82.5
N1400 X627.968 Y82.887
N1405 X627.802 Y83.29
N1410 X627.67 Y83.706
N1415 X627.576 Y84.132
N1420 X627.519 Y84.564
N1425 X627.5 Y85.
N1430 Y120.
N1435 X627.519 Y120.436
N1440 X627.576 Y120.868
N1445 X627.67 Y121.294
N1450 X627.802 Y121.71
N1455 X627.968 Y122.113
N1460 X628.17 Y122.5
N1465 X628.404 Y122.868
N1470 X628.67 Y123.214
N1475 X628.964 Y123.536
N1480 X629.286 Y123.83
N1485 X629.632 Y124.096
N1490 X630. Y124.33
N1495 X630.387 Y124.532
N1500 X630.79 Y124.698
N1505 X631.206 Y124.83
N1510 X631.632 Y124.924
N1515 X632.064 Y124.981
N1520 X632.5 Y125.
N1525 X682.5
N1530 X682.936 Y124.981
N1535 X683.368 Y124.924
N1540 X683.794 Y124.83
N1545 X684.21 Y124.698
N1550 X684.613 Y124.532
N1555 X685. Y124.33
N1560 X685.368 Y124.096
N1565 X685.714 Y123.83
N1570 X686.036 Y123.536
N1575 X686.33 Y123.214
N1580 X686.596 Y122.868
N1585 X686.83 Y122.5
N1590 X687.032 Y122.113
N1595 X687.198 Y121.71
N1600 X687.33 Y121.294
N1605 X687.424 Y120.868
N1610 X687.481 Y120.436
N1615 X687.5 Y120.
N1620 Y85.
N1625 X687.481 Y84.564

N1630 G00 Z10.
N1635 X617.481
N1640 Z0.

N1645 G01 X617.424 Y84.132
N1650 X617.33 Y83.706
N1655 X617.198 Y83.29
N1660 X617.032 Y82.887
N1665 X616.83 Y82.5
N1670 X616.596 Y82.132
N1675 X616.33 Y81.786
N1680 X616.036 Y81.465
N1685 X615.714 Y81.17
N1690 X615.368 Y80.904
N1695 X615. Y80.67
N1700 X614.613 Y80.468
N1705 X614.21 Y80.301
N1710 X613.794 Y80.17
N1715 X613.368 Y80.076
N1720 X612.936 Y80.019
N1725 X612.5 Y80.
N1730 X562.5
N1735 X562.064 Y80.019
N1740 X561.632 Y80.076
N1745 X561.206 Y80.17
N1750 X560.79 Y80.301
N1755 X560.387 Y80.468
N1760 X560. Y80.67
N1765 X559.632 Y80.904
N1770 X559.286 Y81.17
N1775 X558.964 Y81.465
N1780 X558.67 Y81.786
N1785 X558.404 Y82.132
N1790 X558.17 Y82.5
N1795 X557.968 Y82.887
N1800 X557.802 Y83.29
N1805 X557.67 Y83.706
N1810 X557.576 Y84.132
N1815 X557.519 Y84.564
N1820 X557.5 Y85.
N1825 Y120.
N1830 X557.519 Y120.436
N1835 X557.576 Y120.868
N1840 X557.67 Y121.294
N1845 X557.802 Y121.71
N1850 X557.968 Y122.113
N1855 X558.17 Y122.5
N1860 X558.404 Y122.868
N1865 X558.67 Y123.214
N1870 X558.964 Y123.536
N1875 X559.286 Y123.83
N1880 X559.632 Y124.096
N1885 X560. Y124.33
N1890 X560.387 Y124.532
N1895 X560.79 Y124.698
N1900 X561.206 Y124.83
N1905 X561.632 Y124.924
N1910 X562.064 Y124.981
N1915 X562.5 Y125.
N1920 X612.5
N1925 X612.936 Y124.981
N1930 X613.368 Y124.924
N1935 X613.794 Y124.83
N1940 X614.21 Y124.698
N1945 X614.613 Y124.532
N1950 X615. Y124.33
N1955 X615.368 Y124.096
N1960 X615.714 Y123.83
N1965 X616.036 Y123.536
N1970 X616.33 Y123.214
N1975 X616.596 Y122.868
N1980 X616.83 Y122.5
N1985 X617.032 Y122.113
N1990 X617.198 Y121.71
N1995 X617.33 Y121.294
N2000 X617.424 Y120.868
N2005 X617.481 Y120.436
N2010 X617.5 Y120.
N2015 Y85.
N2020 X617.481 Y84.564

N2025 G00 Z10.
N2030 X547.481
N2035 Z0.

N2040 G01 X547.424 Y84.132
N2045 X547.33 Y83.706
N2050 X547.198 Y83.29
N2055 X547.032 Y82.887
N2060 X546.83 Y82.5
N2065 X546.596 Y82.132
N2070 X546.33 Y81.786
N2075 X546.036 Y81.465
N2080 X545.714 Y81.17
N2085 X545.368 Y80.904
N2090 X545. Y80.67
N2095 X544.613 Y80.468
N2100 X544.21 Y80.301
N2105 X543.794 Y80.17
N2110 X543.368 Y80.076
N2115 X542.936 Y80.019
N2120 X542.5 Y80.
N2125 X237.5
N2130 X237.064 Y80.019
N2135 X236.632 Y80.076
N2140 X236.206 Y80.17
N2145 X235.79 Y80.301
N2150 X235.387 Y80.468
N2155 X235. Y80.67
N2160 X234.632 Y80.904
N2165 X234.286 Y81.17
N2170 X233.964 Y81.465
N2175 X233.67 Y81.786
N2180 X233.404 Y82.132
N2185 X233.17 Y82.5
N2190 X232.968 Y82.887
N2195 X232.802 Y83.29
N2200 X232.67 Y83.706
N2205 X232.576 Y84.132
N2210 X232.519 Y84.564
N2215 X232.5 Y85.
N2220 Y120.
N2225 X232.519 Y120.436
N2230 X232.576 Y120.868
N2235 X232.67 Y121.294
N2240 X232.802 Y121.71
N2245 X232.968 Y122.113
N2250 X233.17 Y122.5
N2255 X233.404 Y122.868
N2260 X233.67 Y123.214
N2265 X233.964 Y123.536
N2270 X234.286 Y123.83
N2275 X234.632 Y124.096
N2280 X235. Y124.33
N2285 X235.387 Y124.532
N2290 X235.79 Y124.698
N2295 X236.206 Y124.83
N2300 X236.632 Y124.924
N2305 X237.064 Y124.981
N2310 X237.5 Y125.
N2315 X542.5
N2320 X542.936 Y124.981
N2325 X543.368 Y124.924
N2330 X543.794 Y124.83
N2335 X544.21 Y124.698
N2340 X544.613 Y124.532
N2345 X545. Y124.33
N2350 X545.368 Y124.096
N2355 X545.714 Y123.83
N2360 X546.036 Y123.536
N2365 X546.33 Y123.214
N2370 X546.596 Y122.868
N2375 X546.83 Y122.5
N2380 X547.032 Y122.113
N2385 X547.198 Y121.71
N2390 X547.33 Y121.294
N2395 X547.424 Y120.868
N2400 X547.481 Y120.436
N2405 X547.5 Y120.
N2410 Y85.
N2415 X547.481 Y84.564

N2420 G00 Z10.
N2425 X222.5 Y85.
N2430 Z0.

N2435 G01 X222.481 Y84.564
N2440 X222.424 Y84.132
N2445 X222.33 Y83.706
N2450 X222.198 Y83.29
N2455 X222.032 Y82.887
N2460 X221.83 Y82.5
N2465 X221.596 Y82.132
N2470 X221.33 Y81.786
N2475 X221.036 Y81.465
N2480 X220.714 Y81.17
N2485 X220.368 Y80.904
N2490 X220. Y80.67
N2495 X219.613 Y80.468
N2500 X219.21 Y80.301
N2505 X218.794 Y80.17
N2510 X218.368 Y80.076
N2515 X217.936 Y80.019
N2520 X217.5 Y80.
N2525 X167.5
N2530 X167.064 Y80.019
N2535 X166.632 Y80.076
N2540 X166.206 Y80.17
N2545 X165.79 Y80.301
N2550 X165.387 Y80.468
N2555 X165. Y80.67
N2560 X164.632 Y80.904
N2565 X164.286 Y81.17
N2570 X163.964 Y81.465
N2575 X163.67 Y81.786
N2580 X163.404 Y82.132
N2585 X163.17 Y82.5
N2590 X162.968 Y82.887
N2595 X162.802 Y83.29
N2600 X162.67 Y83.706
N2605 X162.576 Y84.132
N2610 X162.519 Y84.564
N2615 X162.5 Y85.
N2620 Y120.
N2625 X162.519 Y120.436
N2630 X162.576 Y120.868
N2635 X162.67 Y121.294
N2640 X162.802 Y121.71
N2645 X162.968 Y122.113
N2650 X163.17 Y122.5
N2655 X163.404 Y122.868
N2660 X163.67 Y123.214
N2665 X163.964 Y123.536
N2670 X164.286 Y123.83
N2675 X164.632 Y124.096
N2680 X165. Y124.33
N2685 X165.387 Y124.532
N2690 X165.79 Y124.698
N2695 X166.206 Y124.83
N2700 X166.632 Y124.924
N2705 X167.064 Y124.981
N2710 X167.5 Y125.
N2715 X217.5
N2720 X217.936 Y124.981
N2725 X218.368 Y124.924
N2730 X218.794 Y124.83
N2735 X219.21 Y124.698
N2740 X219.613 Y124.532
N2745 X220. Y124.33
N2750 X220.368 Y124.096
N2755 X220.714 Y123.83
N2760 X221.036 Y123.536
N2765 X221.33 Y123.214
N2770 X221.596 Y122.868
N2775 X221.83 Y122.5
N2780 X222.032 Y122.113
N2785 X222.198 Y121.71
N2790 X222.33 Y121.294
N2795 X222.424 Y120.868
N2800 X222.481 Y120.436
N2805 X222.5 Y120.
N2810 Y85.

N2815 G00 Z10.
N2820 X152.5
N2825 Z0.

N2830 G01 X152.481 Y84.564
N2835 X152.424 Y84.132
N2840 X152.33 Y83.706
N2845 X152.198 Y83.29
N2850 X152.032 Y82.887
N2855 X151.83 Y82.5
N2860 X151.596 Y82.132
N2865 X151.33 Y81.786
N2870 X151.036 Y81.465
N2875 X150.714 Y81.17
N2880 X150.368 Y80.904
N2885 X150. Y80.67
N2890 X149.613 Y80.468
N2895 X149.21 Y80.301
N2900 X148.794 Y80.17
N2905 X148.368 Y80.076
N2910 X147.936 Y80.019
N2915 X147.5 Y80.
N2920 X97.5
N2925 X97.064 Y80.019
N2930 X96.632 Y80.076
N2935 X96.206 Y80.17
N2940 X95.79 Y80.301
N2945 X95.387 Y80.468
N2950 X95. Y80.67
N2955 X94.632 Y80.904
N2960 X94.286 Y81.17
N2965 X93.965 Y81.465
N2970 X93.67 Y81.786
N2975 X93.404 Y82.132
N2980 X93.17 Y82.5
N2985 X92.968 Y82.887
N2990 X92.801 Y83.29
N2995 X92.67 Y83.706
N3000 X92.576 Y84.132
N3005 X92.519 Y84.564
N3010 X92.5 Y85.
N3015 Y120.
N3020 X92.519 Y120.436
N3025 X92.576 Y120.868
N3030 X92.67 Y121.294
N3035 X92.801 Y121.71
N3040 X92.968 Y122.113
N3045 X93.17 Y122.5
N3050 X93.404 Y122.868
N3055 X93.67 Y123.214
N3060 X93.965 Y123.536
N3065 X94.286 Y123.83
N3070 X94.632 Y124.096
N3075 X95. Y124.33
N3080 X95.387 Y124.532
N3085 X95.79 Y124.698
N3090 X96.206 Y124.83
N3095 X96.632 Y124.924
N3100 X97.064 Y124.981
N3105 X97.5 Y125.
N3110 X147.5
N3115 X147.936 Y124.981
N3120 X148.368 Y124.924
N3125 X148.794 Y124.83
N3130 X149.21 Y124.698
N3135 X149.613 Y124.532
N3140 X150. Y124.33
N3145 X150.368 Y124.096
N3150 X150.714 Y123.83
N3155 X151.036 Y123.536
N3160 X151.33 Y123.214
N3165 X151.596 Y122.868
N3170 X151.83 Y122.5
N3175 X152.032 Y122.113
N3180 X152.198 Y121.71
N3185 X152.33 Y121.294
N3190 X152.424 Y120.868
N3195 X152.481 Y120.436
N3200 X152.5 Y120.
N3205 Y85.

N3210 G00 Z10.
N3215 X82.5
N3220 Z0.

N3225 G01 X82.481 Y84.564
N3230 X82.424 Y84.132
N3235 X82.33 Y83.706
N3240 X82.199 Y83.29
N3245 X82.032 Y82.887
N3250 X81.83 Y82.5
N3255 X81.596 Y82.132
N3260 X81.33 Y81.786
N3265 X81.035 Y81.465
N3270 X80.714 Y81.17
N3275 X80.368 Y80.904
N3280 X80. Y80.67
N3285 X79.613 Y80.468
N3290 X79.21 Y80.301
N3295 X78.794 Y80.17
N3300 X78.368 Y80.076
N3305 X77.936 Y80.019
N3310 X77.5 Y80.
N3315 X27.5
N3320 X27.064 Y80.019
N3325 X26.632 Y80.076
N3330 X26.206 Y80.17
N3335 X25.79 Y80.301
N3340 X25.387 Y80.468
N3345 X25. Y80.67
N3350 X24.632 Y80.904
N3355 X24.286 Y81.17
N3360 X23.965 Y81.465
N3365 X23.67 Y81.786
N3370 X23.404 Y82.132
N3375 X23.17 Y82.5
N3380 X22.969 Y82.887
N3385 X22.802 Y83.29
N3390 X22.67 Y83.706
N3395 X22.576 Y84.132
N3400 X22.519 Y84.564
N3405 X22.5 Y85.
N3410 Y120.
N3415 X22.519 Y120.436
N3420 X22.576 Y120.868
N3425 X22.67 Y121.294
N3430 X22.802 Y121.71
N3435 X22.969 Y122.113
N3440 X23.17 Y122.5
N3445 X23.404 Y122.868
N3450 X23.67 Y123.214
N3455 X23.965 Y123.536
N3460 X24.286 Y123.83
N3465 X24.632 Y124.096
N3470 X25. Y124.33
N3475 X25.387 Y124.532
N3480 X25.79 Y124.698
N3485 X26.206 Y124.83
N3490 X26.632 Y124.924
N3495 X27.064 Y124.981
N3500 X27.5 Y125.
N3505 X77.5
N3510 X77.936 Y124.981
N3515 X78.368 Y124.924
N3520 X78.794 Y124.83
N3525 X79.21 Y124.698
N3530 X79.613 Y124.532
N3535 X80. Y124.33
N3540 X80.368 Y124.096
N3545 X80.714 Y123.83
N3550 X81.035 Y123.536
N3555 X81.33 Y123.214
N3560 X81.596 Y122.868
N3565 X81.83 Y122.5
N3570 X82.032 Y122.113
N3575 X82.199 Y121.71
N3580 X82.33 Y121.294
N3585 X82.424 Y120.868
N3590 X82.481 Y120.436
N3595 X82.5 Y120.
N3600 Y85.

N3605 G00 Z10.
N3610 X142.481 Y139.564
N3615 Z0.

N3620 G01 X142.5 Y140.
N3625 Y175.
N3630 X142.481 Y175.436
N3635 X142.424 Y175.868
N3640 X142.33 Y176.294
N3645 X142.198 Y176.71
N3650 X142.032 Y177.113
N3655 X141.83 Y177.5
N3660 X141.596 Y177.868
N3665 X141.33 Y178.214
N3670 X141.036 Y178.536
N3675 X140.714 Y178.83
N3680 X140.368 Y179.096
N3685 X140. Y179.33
N3690 X139.613 Y179.532
N3695 X139.21 Y179.698
N3700 X138.794 Y179.83
N3705 X138.368 Y179.924
N3710 X137.936 Y179.981
N3715 X137.5 Y180.
N3720 X27.5
N3725 X27.064 Y179.981
N3730 X26.632 Y179.924
N3735 X26.206 Y179.83
N3740 X25.79 Y179.698
N3745 X25.387 Y179.532
N3750 X25. Y179.33
N3755 X24.632 Y179.096
N3760 X24.286 Y178.83
N3765 X23.965 Y178.536
N3770 X23.67 Y178.214
N3775 X23.404 Y177.868
N3780 X23.17 Y177.5
N3785 X22.969 Y177.113
N3790 X22.802 Y176.71
N3795 X22.67 Y176.294
N3800 X22.576 Y175.868
N3805 X22.519 Y175.436
N3810 X22.5 Y175.
N3815 Y140.
N3820 X22.519 Y139.564
N3825 X22.576 Y139.132
N3830 X22.67 Y138.706
N3835 X22.802 Y138.29
N3840 X22.969 Y137.887
N3845 X23.17 Y137.5
N3850 X23.404 Y137.132
N3855 X23.67 Y136.786
N3860 X23.965 Y136.464
N3865 X24.286 Y136.17
N3870 X24.632 Y135.904
N3875 X25. Y135.67
N3880 X25.387 Y135.468
N3885 X25.79 Y135.302
N3890 X26.206 Y135.17
N3895 X26.632 Y135.076
N3900 X27.064 Y135.019
N3905 X27.5 Y135.
N3910 X137.5
N3915 X137.936 Y135.019
N3920 X138.368 Y135.076
N3925 X138.794 Y135.17
N3930 X139.21 Y135.302
N3935 X139.613 Y135.468
N3940 X140. Y135.67
N3945 X140.368 Y135.904
N3950 X140.714 Y136.17
N3955 X141.036 Y136.464
N3960 X141.33 Y136.786
N3965 X141.596 Y137.132
N3970 X141.83 Y137.5
N3975 X142.032 Y137.887
N3980 X142.198 Y138.29
N3985 X142.33 Y138.706
N3990 X142.424 Y139.132
N3995 X142.481 Y139.564

N4000 G00 Z10.
N4005 X197.481
N4010 Z0.

N4015 G01 X197.5 Y140.
N4020 Y175.
N4025 X197.481 Y175.436
N4030 X197.424 Y175.868
N4035 X197.33 Y176.294
N4040 X197.198 Y176.71
N4045 X197.032 Y177.113
N4050 X196.83 Y177.5
N4055 X196.596 Y177.868
N4060 X196.33 Y178.214
N4065 X196.036 Y178.536
N4070 X195.714 Y178.83
N4075 X195.368 Y179.096
N4080 X195. Y179.33
N4085 X194.613 Y179.532
N4090 X194.21 Y179.698
N4095 X193.794 Y179.83
N4100 X193.368 Y179.924
N4105 X192.936 Y179.981
N4110 X192.5 Y180.
N4115 X157.5
N4120 X157.064 Y179.981
N4125 X156.632 Y179.924
N4130 X156.206 Y179.83
N4135 X155.79 Y179.698
N4140 X155.387 Y179.532
N4145 X155. Y179.33
N4150 X154.632 Y179.096
N4155 X154.286 Y178.83
N4160 X153.964 Y178.536
N4165 X153.67 Y178.214
N4170 X153.404 Y177.868
N4175 X153.17 Y177.5
N4180 X152.968 Y177.113
N4185 X152.802 Y176.71
N4190 X152.67 Y176.294
N4195 X152.576 Y175.868
N4200 X152.519 Y175.436
N4205 X152.5 Y175.
N4210 Y140.
N4215 X152.519 Y139.564
N4220 X152.576 Y139.132
N4225 X152.67 Y138.706
N4230 X152.802 Y138.29
N4235 X152.968 Y137.887
N4240 X153.17 Y137.5
N4245 X153.404 Y137.132
N4250 X153.67 Y136.786
N4255 X153.964 Y136.464
N4260 X154.286 Y136.17
N4265 X154.632 Y135.904
N4270 X155. Y135.67
N4275 X155.387 Y135.468
N4280 X155.79 Y135.302
N4285 X156.206 Y135.17
N4290 X156.632 Y135.076
N4295 X157.064 Y135.019
N4300 X157.5 Y135.
N4305 X192.5
N4310 X192.936 Y135.019
N4315 X193.368 Y135.076
N4320 X193.794 Y135.17
N4325 X194.21 Y135.302
N4330 X194.613 Y135.468
N4335 X195. Y135.67
N4340 X195.368 Y135.904
N4345 X195.714 Y136.17
N4350 X196.036 Y136.464
N4355 X196.33 Y136.786
N4360 X196.596 Y137.132
N4365 X196.83 Y137.5
N4370 X197.032 Y137.887
N4375 X197.198 Y138.29
N4380 X197.33 Y138.706
N4385 X197.424 Y139.132
N4390 X197.481 Y139.564

N4395 G00 Z10.
N4400 X252.481
N4405 Z0.

N4410 G01 X252.5 Y140.
N4415 Y175.
N4420 X252.481 Y175.436
N4425 X252.424 Y175.868
N4430 X252.33 Y176.294
N4435 X252.198 Y176.71
N4440 X252.032 Y177.113
N4445 X251.83 Y177.5
N4450 X251.596 Y177.868
N4455 X251.33 Y178.214
N4460 X251.036 Y178.536
N4465 X250.714 Y178.83
N4470 X250.368 Y179.096
N4475 X250. Y179.33
N4480 X249.613 Y179.532
N4485 X249.21 Y179.698
N4490 X248.794 Y179.83
N4495 X248.368 Y179.924
N4500 X247.936 Y179.981
N4505 X247.5 Y180.
N4510 X212.5
N4515 X212.064 Y179.981
N4520 X211.632 Y179.924
N4525 X211.206 Y179.83
N4530 X210.79 Y179.698
N4535 X210.387 Y179.532
N4540 X210. Y179.33
N4545 X209.632 Y179.096
N4550 X209.286 Y178.83
N4555 X208.964 Y178.536
N4560 X208.67 Y178.214
N4565 X208.404 Y177.868
N4570 X208.17 Y177.5
N4575 X207.968 Y177.113
N4580 X207.802 Y176.71
N4585 X207.67 Y176.294
N4590 X207.576 Y175.868
N4595 X207.519 Y175.436
N4600 X207.5 Y175.
N4605 Y140.
N4610 X207.519 Y139.564
N4615 X207.576 Y139.132
N4620 X207.67 Y138.706
N4625 X207.802 Y138.29
N4630 X207.968 Y137.887
N4635 X208.17 Y137.5
N4640 X208.404 Y137.132
N4645 X208.67 Y136.786
N4650 X208.964 Y136.464
N4655 X209.286 Y136.17
N4660 X209.632 Y135.904
N4665 X210. Y135.67
N4670 X210.387 Y135.468
N4675 X210.79 Y135.302
N4680 X211.206 Y135.17
N4685 X211.632 Y135.076
N4690 X212.064 Y135.019
N4695 X212.5 Y135.
N4700 X247.5
N4705 X247.936 Y135.019
N4710 X248.368 Y135.076
N4715 X248.794 Y135.17
N4720 X249.21 Y135.302
N4725 X249.613 Y135.468
N4730 X250. Y135.67
N4735 X250.368 Y135.904
N4740 X250.714 Y136.17
N4745 X251.036 Y136.464
N4750 X251.33 Y136.786
N4755 X251.596 Y137.132
N4760 X251.83 Y137.5
N4765 X252.032 Y137.887
N4770 X252.198 Y138.29
N4775 X252.33 Y138.706
N4780 X252.424 Y139.132
N4785 X252.481 Y139.564

N4790 G00 Z10.
N4795 X307.424 Y139.132
N4800 Z0.

N4805 G01 X307.481 Y139.564
N4810 X307.5 Y140.
N4815 Y175.
N4820 X307.481 Y175.436
N4825 X307.424 Y175.868
N4830 X307.33 Y176.294
N4835 X307.198 Y176.71
N4840 X307.032 Y177.113
N4845 X306.83 Y177.5
N4850 X306.596 Y177.868
N4855 X306.33 Y178.214
N4860 X306.036 Y178.536
N4865 X305.714 Y178.83
N4870 X305.368 Y179.096
N4875 X305. Y179.33
N4880 X304.613 Y179.532
N4885 X304.21 Y179.698
N4890 X303.794 Y179.83
N4895 X303.368 Y179.924
N4900 X302.936 Y179.981
N4905 X302.5 Y180.
N4910 X267.5
N4915 X267.064 Y179.981
N4920 X266.632 Y179.924
N4925 X266.206 Y179.83
N4930 X265.79 Y179.698
N4935 X265.387 Y179.532
N4940 X265. Y179.33
N4945 X264.632 Y179.096
N4950 X264.286 Y178.83
N4955 X263.964 Y178.536
N4960 X263.67 Y178.214
N4965 X263.404 Y177.868
N4970 X263.17 Y177.5
N4975 X262.968 Y177.113
N4980 X262.802 Y176.71
N4985 X262.67 Y176.294
N4990 X262.576 Y175.868
N4995 X262.519 Y175.436
N5000 X262.5 Y175.
N5005 Y140.
N5010 X262.519 Y139.564
N5015 X262.576 Y139.132
N5020 X262.67 Y138.706
N5025 X262.802 Y138.29
N5030 X262.968 Y137.887
N5035 X263.17 Y137.5
N5040 X263.404 Y137.132
N5045 X263.67 Y136.786
N5050 X263.964 Y136.464
N5055 X264.286 Y136.17
N5060 X264.632 Y135.904
N5065 X265. Y135.67
N5070 X265.387 Y135.468
N5075 X265.79 Y135.302
N5080 X266.206 Y135.17
N5085 X266.632 Y135.076
N5090 X267.064 Y135.019
N5095 X267.5 Y135.
N5100 X302.5
N5105 X302.936 Y135.019
N5110 X303.368 Y135.076
N5115 X303.794 Y135.17
N5120 X304.21 Y135.302
N5125 X304.613 Y135.468
N5130 X305. Y135.67
N5135 X305.368 Y135.904
N5140 X305.714 Y136.17
N5145 X306.036 Y136.464
N5150 X306.33 Y136.786
N5155 X306.596 Y137.132
N5160 X306.83 Y137.5
N5165 X307.032 Y137.887
N5170 X307.198 Y138.29
N5175 X307.33 Y138.706
N5180 X307.424 Y139.132

N5185 G00 Z10.
N5190 X362.424
N5195 Z0.

N5200 G01 X362.481 Y139.564
N5205 X362.5 Y140.
N5210 Y175.
N5215 X362.481 Y175.436
N5220 X362.424 Y175.868
N5225 X362.33 Y176.294
N5230 X362.198 Y176.71
N5235 X362.032 Y177.113
N5240 X361.83 Y177.5
N5245 X361.596 Y177.868
N5250 X361.33 Y178.214
N5255 X361.036 Y178.536
N5260 X360.714 Y178.83
N5265 X360.368 Y179.096
N5270 X360. Y179.33
N5275 X359.613 Y179.532
N5280 X359.21 Y179.698
N5285 X358.794 Y179.83
N5290 X358.368 Y179.924
N5295 X357.936 Y179.981
N5300 X357.5 Y180.
N5305 X322.5
N5310 X322.064 Y179.981
N5315 X321.632 Y179.924
N5320 X321.206 Y179.83
N5325 X320.79 Y179.698
N5330 X320.387 Y179.532
N5335 X320. Y179.33
N5340 X319.632 Y179.096
N5345 X319.286 Y178.83
N5350 X318.964 Y178.536
N5355 X318.67 Y178.214
N5360 X318.404 Y177.868
N5365 X318.17 Y177.5
N5370 X317.968 Y177.113
N5375 X317.802 Y176.71
N5380 X317.67 Y176.294
N5385 X317.576 Y175.868
N5390 X317.519 Y175.436
N5395 X317.5 Y175.
N5400 Y140.
N5405 X317.519 Y139.564
N5410 X317.576 Y139.132
N5415 X317.67 Y138.706
N5420 X317.802 Y138.29
N5425 X317.968 Y137.887
N5430 X318.17 Y137.5
N5435 X318.404 Y137.132
N5440 X318.67 Y136.786
N5445 X318.964 Y136.464
N5450 X319.286 Y136.17
N5455 X319.632 Y135.904
N5460 X320. Y135.67
N5465 X320.387 Y135.468
N5470 X320.79 Y135.302
N5475 X321.206 Y135.17
N5480 X321.632 Y135.076
N5485 X322.064 Y135.019
N5490 X322.5 Y135.
N5495 X357.5
N5500 X357.936 Y135.019
N5505 X358.368 Y135.076
N5510 X358.794 Y135.17
N5515 X359.21 Y135.302
N5520 X359.613 Y135.468
N5525 X360. Y135.67
N5530 X360.368 Y135.904
N5535 X360.714 Y136.17
N5540 X361.036 Y136.464
N5545 X361.33 Y136.786
N5550 X361.596 Y137.132
N5555 X361.83 Y137.5
N5560 X362.032 Y137.887
N5565 X362.198 Y138.29
N5570 X362.33 Y138.706
N5575 X362.424 Y139.132

N5580 G00 Z10.
N5585 X417.424
N5590 Z0.

N5595 G01 X417.481 Y139.564
N5600 X417.5 Y140.
N5605 Y175.
N5610 X417.481 Y175.436
N5615 X417.424 Y175.868
N5620 X417.33 Y176.294
N5625 X417.198 Y176.71
N5630 X417.032 Y177.113
N5635 X416.83 Y177.5
N5640 X416.596 Y177.868
N5645 X416.33 Y178.214
N5650 X416.036 Y178.536
N5655 X415.714 Y178.83
N5660 X415.368 Y179.096
N5665 X415. Y179.33
N5670 X414.613 Y179.532
N5675 X414.21 Y179.698
N5680 X413.794 Y179.83
N5685 X413.368 Y179.924
N5690 X412.936 Y179.981
N5695 X412.5 Y180.
N5700 X377.5
N5705 X377.064 Y179.981
N5710 X376.632 Y179.924
N5715 X376.206 Y179.83
N5720 X375.79 Y179.698
N5725 X375.387 Y179.532
N5730 X375. Y179.33
N5735 X374.632 Y179.096
N5740 X374.286 Y178.83
N5745 X373.964 Y178.536
N5750 X373.67 Y178.214
N5755 X373.404 Y177.868
N5760 X373.17 Y177.5
N5765 X372.968 Y177.113
N5770 X372.802 Y176.71
N5775 X372.67 Y176.294
N5780 X372.576 Y175.868
N5785 X372.519 Y175.436
N5790 X372.5 Y175.
N5795 Y140.
N5800 X372.519 Y139.564
N5805 X372.576 Y139.132
N5810 X372.67 Y138.706
N5815 X372.802 Y138.29
N5820 X372.968 Y137.887
N5825 X373.17 Y137.5
N5830 X373.404 Y137.132
N5835 X373.67 Y136.786
N5840 X373.964 Y136.464
N5845 X374.286 Y136.17
N5850 X374.632 Y135.904
N5855 X375. Y135.67
N5860 X375.387 Y135.468
N5865 X375.79 Y135.302
N5870 X376.206 Y135.17
N5875 X376.632 Y135.076
N5880 X377.064 Y135.019
N5885 X377.5 Y135.
N5890 X412.5
N5895 X412.936 Y135.019
N5900 X413.368 Y135.076
N5905 X413.794 Y135.17
N5910 X414.21 Y135.302
N5915 X414.613 Y135.468
N5920 X415. Y135.67
N5925 X415.368 Y135.904
N5930 X415.714 Y136.17
N5935 X416.036 Y136.464
N5940 X416.33 Y136.786
N5945 X416.596 Y137.132
N5950 X416.83 Y137.5
N5955 X417.032 Y137.887
N5960 X417.198 Y138.29
N5965 X417.33 Y138.706
N5970 X417.424 Y139.132

N5975 G00 Z10.
N5980 X472.424
N5985 Z0.

N5990 G01 X472.481 Y139.564
N5995 X472.5 Y140.
N6000 Y175.
N6005 X472.481 Y175.436
N6010 X472.424 Y175.868
N6015 X472.33 Y176.294
N6020 X472.198 Y176.71
N6025 X472.032 Y177.113
N6030 X471.83 Y177.5
N6035 X471.596 Y177.868
N6040 X471.33 Y178.214
N6045 X471.036 Y178.536
N6050 X470.714 Y178.83
N6055 X470.368 Y179.096
N6060 X470. Y179.33
N6065 X469.613 Y179.532
N6070 X469.21 Y179.698
N6075 X468.794 Y179.83
N6080 X468.368 Y179.924
N6085 X467.936 Y179.981
N6090 X467.5 Y180.
N6095 X432.5
N6100 X432.064 Y179.981
N6105 X431.632 Y179.924
N6110 X431.206 Y179.83
N6115 X430.79 Y179.698
N6120 X430.387 Y179.532
N6125 X430. Y179.33
N6130 X429.632 Y179.096
N6135 X429.286 Y178.83
N6140 X428.964 Y178.536
N6145 X428.67 Y178.214
N6150 X428.404 Y177.868
N6155 X428.17 Y177.5
N6160 X427.968 Y177.113
N6165 X427.802 Y176.71
N6170 X427.67 Y176.294
N6175 X427.576 Y175.868
N6180 X427.519 Y175.436
N6185 X427.5 Y175.
N6190 Y140.
N6195 X427.519 Y139.564
N6200 X427.576 Y139.132
N6205 X427.67 Y138.706
N6210 X427.802 Y138.29
N6215 X427.968 Y137.887
N6220 X428.17 Y137.5
N6225 X428.404 Y137.132
N6230 X428.67 Y136.786
N6235 X428.964 Y136.464
N6240 X429.286 Y136.17
N6245 X429.632 Y135.904
N6250 X430. Y135.67
N6255 X430.387 Y135.468
N6260 X430.79 Y135.302
N6265 X431.206 Y135.17
N6270 X431.632 Y135.076
N6275 X432.064 Y135.019
N6280 X432.5 Y135.
N6285 X467.5
N6290 X467.936 Y135.019
N6295 X468.368 Y135.076
N6300 X468.794 Y135.17
N6305 X469.21 Y135.302
N6310 X469.613 Y135.468
N6315 X470. Y135.67
N6320 X470.368 Y135.904
N6325 X470.714 Y136.17
N6330 X471.036 Y136.464
N6335 X471.33 Y136.786
N6340 X471.596 Y137.132
N6345 X471.83 Y137.5
N6350 X472.032 Y137.887
N6355 X472.198 Y138.29
N6360 X472.33 Y138.706
N6365 X472.424 Y139.132

N6370 G00 Z10.
N6375 X527.33 Y138.706
N6380 Z0.

N6385 G01 X527.424 Y139.132
N6390 X527.481 Y139.564
N6395 X527.5 Y140.
N6400 Y175.
N6405 X527.481 Y175.436
N6410 X527.424 Y175.868
N6415 X527.33 Y176.294
N6420 X527.198 Y176.71
N6425 X527.032 Y177.113
N6430 X526.83 Y177.5
N6435 X526.596 Y177.868
N6440 X526.33 Y178.214
N6445 X526.036 Y178.536
N6450 X525.714 Y178.83
N6455 X525.368 Y179.096
N6460 X525. Y179.33
N6465 X524.613 Y179.532
N6470 X524.21 Y179.698
N6475 X523.794 Y179.83
N6480 X523.368 Y179.924
N6485 X522.936 Y179.981
N6490 X522.5 Y180.
N6495 X487.5
N6500 X487.064 Y179.981
N6505 X486.632 Y179.924
N6510 X486.206 Y179.83
N6515 X485.79 Y179.698
N6520 X485.387 Y179.532
N6525 X485. Y179.33
N6530 X484.632 Y179.096
N6535 X484.286 Y178.83
N6540 X483.964 Y178.536
N6545 X483.67 Y178.214
N6550 X483.404 Y177.868
N6555 X483.17 Y177.5
N6560 X482.968 Y177.113
N6565 X482.802 Y176.71
N6570 X482.67 Y176.294
N6575 X482.576 Y175.868
N6580 X482.519 Y175.436
N6585 X482.5 Y175.
N6590 Y140.
N6595 X482.519 Y139.564
N6600 X482.576 Y139.132
N6605 X482.67 Y138.706
N6610 X482.802 Y138.29
N6615 X482.968 Y137.887
N6620 X483.17 Y137.5
N6625 X483.404 Y137.132
N6630 X483.67 Y136.786
N6635 X483.964 Y136.464
N6640 X484.286 Y136.17
N6645 X484.632 Y135.904
N6650 X485. Y135.67
N6655 X485.387 Y135.468
N6660 X485.79 Y135.302
N6665 X486.206 Y135.17
N6670 X486.632 Y135.076
N6675 X487.064 Y135.019
N6680 X487.5 Y135.
N6685 X522.5
N6690 X522.936 Y135.019
N6695 X523.368 Y135.076
N6700 X523.794 Y135.17
N6705 X524.21 Y135.302
N6710 X524.613 Y135.468
N6715 X525. Y135.67
N6720 X525.368 Y135.904
N6725 X525.714 Y136.17
N6730 X526.036 Y136.464
N6735 X526.33 Y136.786
N6740 X526.596 Y137.132
N6745 X526.83 Y137.5
N6750 X527.032 Y137.887
N6755 X527.198 Y138.29
N6760 X527.33 Y138.706

N6765 G00 Z10.
N6770 X582.33
N6775 Z0.

N6780 G01 X582.424 Y139.132
N6785 X582.481 Y139.564
N6790 X582.5 Y140.
N6795 Y175.
N6800 X582.481 Y175.436
N6805 X582.424 Y175.868
N6810 X582.33 Y176.294
N6815 X582.198 Y176.71
N6820 X582.032 Y177.113
N6825 X581.83 Y177.5
N6830 X581.596 Y177.868
N6835 X581.33 Y178.214
N6840 X581.036 Y178.536
N6845 X580.714 Y178.83
N6850 X580.368 Y179.096
N6855 X580. Y179.33
N6860 X579.613 Y179.532
N6865 X579.21 Y179.698
N6870 X578.794 Y179.83
N6875 X578.368 Y179.924
N6880 X577.936 Y179.981
N6885 X577.5 Y180.
N6890 X542.5
N6895 X542.064 Y179.981
N6900 X541.632 Y179.924
N6905 X541.206 Y179.83
N6910 X540.79 Y179.698
N6915 X540.387 Y179.532
N6920 X540. Y179.33
N6925 X539.632 Y179.096
N6930 X539.286 Y178.83
N6935 X538.964 Y178.536
N6940 X538.67 Y178.214
N6945 X538.404 Y177.868
N6950 X538.17 Y177.5
N6955 X537.968 Y177.113
N6960 X537.802 Y176.71
N6965 X537.67 Y176.294
N6970 X537.576 Y175.868
N6975 X537.519 Y175.436
N6980 X537.5 Y175.
N6985 Y140.
N6990 X537.519 Y139.564
N6995 X537.576 Y139.132
N7000 X537.67 Y138.706
N7005 X537.802 Y138.29
N7010 X537.968 Y137.887
N7015 X538.17 Y137.5
N7020 X538.404 Y137.132
N7025 X538.67 Y136.786
N7030 X538.964 Y136.464
N7035 X539.286 Y136.17
N7040 X539.632 Y135.904
N7045 X540. Y135.67
N7050 X540.387 Y135.468
N7055 X540.79 Y135.302
N7060 X541.206 Y135.17
N7065 X541.632 Y135.076
N7070 X542.064 Y135.019
N7075 X542.5 Y135.
N7080 X577.5
N7085 X577.936 Y135.019
N7090 X578.368 Y135.076
N7095 X578.794 Y135.17
N7100 X579.21 Y135.302
N7105 X579.613 Y135.468
N7110 X580. Y135.67
N7115 X580.368 Y135.904
N7120 X580.714 Y136.17
N7125 X581.036 Y136.464
N7130 X581.33 Y136.786
N7135 X581.596 Y137.132
N7140 X581.83 Y137.5
N7145 X582.032 Y137.887
N7150 X582.198 Y138.29
N7155 X582.33 Y138.706

N7160 G00 Z10.
N7165 X637.198 Y138.29
N7170 Z0.

N7175 G01 X637.33 Y138.706
N7180 X637.424 Y139.132
N7185 X637.481 Y139.564
N7190 X637.5 Y140.
N7195 Y175.
N7200 X637.481 Y175.436
N7205 X637.424 Y175.868
N7210 X637.33 Y176.294
N7215 X637.198 Y176.71
N7220 X637.032 Y177.113
N7225 X636.83 Y177.5
N7230 X636.596 Y177.868
N7235 X636.33 Y178.214
N7240 X636.036 Y178.536
N7245 X635.714 Y178.83
N7250 X635.368 Y179.096
N7255 X635. Y179.33
N7260 X634.613 Y179.532
N7265 X634.21 Y179.698
N7270 X633.794 Y179.83
N7275 X633.368 Y179.924
N7280 X632.936 Y179.981
N7285 X632.5 Y180.
N7290 X597.5
N7295 X597.064 Y179.981
N7300 X596.632 Y179.924
N7305 X596.206 Y179.83
N7310 X595.79 Y179.698
N7315 X595.387 Y179.532
N7320 X595. Y179.33
N7325 X594.632 Y179.096
N7330 X594.286 Y178.83
N7335 X593.964 Y178.536
N7340 X593.67 Y178.214
N7345 X593.404 Y177.868
N7350 X593.17 Y177.5
N7355 X592.968 Y177.113
N7360 X592.802 Y176.71
N7365 X592.67 Y176.294
N7370 X592.576 Y175.868
N7375 X592.519 Y175.436
N7380 X592.5 Y175.
N7385 Y140.
N7390 X592.519 Y139.564
N7395 X592.576 Y139.132
N7400 X592.67 Y138.706
N7405 X592.802 Y138.29
N7410 X592.968 Y137.887
N7415 X593.17 Y137.5
N7420 X593.404 Y137.132
N7425 X593.67 Y136.786
N7430 X593.964 Y136.464
N7435 X594.286 Y136.17
N7440 X594.632 Y135.904
N7445 X595. Y135.67
N7450 X595.387 Y135.468
N7455 X595.79 Y135.302
N7460 X596.206 Y135.17
N7465 X596.632 Y135.076
N7470 X597.064 Y135.019
N7475 X597.5 Y135.
N7480 X632.5
N7485 X632.936 Y135.019
N7490 X633.368 Y135.076
N7495 X633.794 Y135.17
N7500 X634.21 Y135.302
N7505 X634.613 Y135.468
N7510 X635. Y135.67
N7515 X635.368 Y135.904
N7520 X635.714 Y136.17
N7525 X636.036 Y136.464
N7530 X636.33 Y136.786
N7535 X636.596 Y137.132
N7540 X636.83 Y137.5
N7545 X637.032 Y137.887
N7550 X637.198 Y138.29

N7555 G00 Z10.
N7560 X692.032 Y137.887
N7565 Z0.

N7570 G01 X692.198 Y138.29
N7575 X692.33 Y138.706
N7580 X692.424 Y139.132
N7585 X692.481 Y139.564
N7590 X692.5 Y140.
N7595 Y175.
N7600 X692.481 Y175.436
N7605 X692.424 Y175.868
N7610 X692.33 Y176.294
N7615 X692.198 Y176.71
N7620 X692.032 Y177.113
N7625 X691.83 Y177.5
N7630 X691.596 Y177.868
N7635 X691.33 Y178.214
N7640 X691.036 Y178.536
N7645 X690.714 Y178.83
N7650 X690.368 Y179.096
N7655 X690. Y179.33
N7660 X689.613 Y179.532
N7665 X689.21 Y179.698
N7670 X688.794 Y179.83
N7675 X688.368 Y179.924
N7680 X687.936 Y179.981
N7685 X687.5 Y180.
N7690 X652.5
N7695 X652.064 Y179.981
N7700 X651.632 Y179.924
N7705 X651.206 Y179.83
N7710 X650.79 Y179.698
N7715 X650.387 Y179.532
N7720 X650. Y179.33
N7725 X649.632 Y179.096
N7730 X649.286 Y178.83
N7735 X648.964 Y178.536
N7740 X648.67 Y178.214
N7745 X648.404 Y177.868
N7750 X648.17 Y177.5
N7755 X647.968 Y177.113
N7760 X647.802 Y176.71
N7765 X647.67 Y176.294
N7770 X647.576 Y175.868
N7775 X647.519 Y175.436
N7780 X647.5 Y175.
N7785 Y140.
N7790 X647.519 Y139.564
N7795 X647.576 Y139.132
N7800 X647.67 Y138.706
N7805 X647.802 Y138.29
N7810 X647.968 Y137.887
N7815 X648.17 Y137.5
N7820 X648.404 Y137.132
N7825 X648.67 Y136.786
N7830 X648.964 Y136.464
N7835 X649.286 Y136.17
N7840 X649.632 Y135.904
N7845 X650. Y135.67
N7850 X650.387 Y135.468
N7855 X650.79 Y135.302
N7860 X651.206 Y135.17
N7865 X651.632 Y135.076
N7870 X652.064 Y135.019
N7875 X652.5 Y135.
N7880 X687.5
N7885 X687.936 Y135.019
N7890 X688.368 Y135.076
N7895 X688.794 Y135.17
N7900 X689.21 Y135.302
N7905 X689.613 Y135.468
N7910 X690. Y135.67
N7915 X690.368 Y135.904
N7920 X690.714 Y136.17
N7925 X691.036 Y136.464
N7930 X691.33 Y136.786
N7935 X691.596 Y137.132
N7940 X691.83 Y137.5
N7945 X692.032 Y137.887

N7950 G00 Z10.
N7955 X823.368 Y135.076
N7960 Z0.

N7965 G01 X823.794 Y135.17
N7970 X824.21 Y135.302
N7975 X824.613 Y135.468
N7980 X825. Y135.67
N7985 X825.368 Y135.904
N7990 X825.714 Y136.17
N7995 X826.036 Y136.464
N8000 X826.33 Y136.786
N8005 X826.596 Y137.132
N8010 X826.83 Y137.5
N8015 X827.032 Y137.887
N8020 X827.198 Y138.29
N8025 X827.33 Y138.706
N8030 X827.424 Y139.132
N8035 X827.481 Y139.564
N8040 X827.5 Y140.
N8045 Y175.
N8050 X827.481 Y175.436
N8055 X827.424 Y175.868
N8060 X827.33 Y176.294
N8065 X827.198 Y176.71
N8070 X827.032 Y177.113
N8075 X826.83 Y177.5
N8080 X826.596 Y177.868
N8085 X826.33 Y178.214
N8090 X826.036 Y178.536
N8095 X825.714 Y178.83
N8100 X825.368 Y179.096
N8105 X825. Y179.33
N8110 X824.613 Y179.532
N8115 X824.21 Y179.698
N8120 X823.794 Y179.83
N8125 X823.368 Y179.924
N8130 X822.936 Y179.981
N8135 X822.5 Y180.
N8140 X707.5
N8145 X707.064 Y179.981
N8150 X706.632 Y179.924
N8155 X706.206 Y179.83
N8160 X705.79 Y179.698
N8165 X705.387 Y179.532
N8170 X705. Y179.33
N8175 X704.632 Y179.096
N8180 X704.286 Y178.83
N8185 X703.964 Y178.536
N8190 X703.67 Y178.214
N8195 X703.404 Y177.868
N8200 X703.17 Y177.5
N8205 X702.968 Y177.113
N8210 X702.802 Y176.71
N8215 X702.67 Y176.294
N8220 X702.576 Y175.868
N8225 X702.519 Y175.436
N8230 X702.5 Y175.
N8235 Y140.
N8240 X702.519 Y139.564
N8245 X702.576 Y139.132
N8250 X702.67 Y138.706
N8255 X702.802 Y138.29
N8260 X702.968 Y137.887
N8265 X703.17 Y137.5
N8270 X703.404 Y137.132
N8275 X703.67 Y136.786
N8280 X703.964 Y136.464
N8285 X704.286 Y136.17
N8290 X704.632 Y135.904
N8295 X705. Y135.67
N8300 X705.387 Y135.468
N8305 X705.79 Y135.302
N8310 X706.206 Y135.17
N8315 X706.632 Y135.076
N8320 X707.064 Y135.019
N8325 X707.5 Y135.
N8330 X822.5
N8335 X822.936 Y135.019
N8340 X823.368 Y135.076

N8345 G00 Z10.
N8350 X822.936 Y190.019
N8355 Z0.

N8360 G01 X823.368 Y190.076
N8365 X823.794 Y190.17
N8370 X824.21 Y190.302
N8375 X824.613 Y190.468
N8380 X825. Y190.67
N8385 X825.368 Y190.904
N8390 X825.714 Y191.17
N8395 X826.036 Y191.464
N8400 X826.33 Y191.786
N8405 X826.596 Y192.132
N8410 X826.83 Y192.5
N8415 X827.032 Y192.887
N8420 X827.198 Y193.29
N8425 X827.33 Y193.706
N8430 X827.424 Y194.132
N8435 X827.481 Y194.564
N8440 X827.5 Y195.
N8445 Y230.
N8450 X827.481 Y230.436
N8455 X827.424 Y230.868
N8460 X827.33 Y231.294
N8465 X827.198 Y231.71
N8470 X827.032 Y232.113
N8475 X826.83 Y232.5
N8480 X826.596 Y232.868
N8485 X826.33 Y233.214
N8490 X826.036 Y233.536
N8495 X825.714 Y233.83
N8500 X825.368 Y234.096
N8505 X825. Y234.33
N8510 X824.613 Y234.532
N8515 X824.21 Y234.698
N8520 X823.794 Y234.83
N8525 X823.368 Y234.924
N8530 X822.936 Y234.981
N8535 X822.5 Y235.
N8540 X732.5
N8545 X732.064 Y234.981
N8550 X731.632 Y234.924
N8555 X731.206 Y234.83
N8560 X730.79 Y234.698
N8565 X730.387 Y234.532
N8570 X730. Y234.33
N8575 X729.632 Y234.096
N8580 X729.286 Y233.83
N8585 X728.964 Y233.536
N8590 X728.67 Y233.214
N8595 X728.404 Y232.868
N8600 X728.17 Y232.5
N8605 X727.968 Y232.113
N8610 X727.802 Y231.71
N8615 X727.67 Y231.294
N8620 X727.576 Y230.868
N8625 X727.519 Y230.436
N8630 X727.5 Y230.
N8635 Y195.
N8640 X727.519 Y194.564
N8645 X727.576 Y194.132
N8650 X727.67 Y193.706
N8655 X727.802 Y193.29
N8660 X727.968 Y192.887
N8665 X728.17 Y192.5
N8670 X728.404 Y192.132
N8675 X728.67 Y191.786
N8680 X728.964 Y191.464
N8685 X729.286 Y191.17
N8690 X729.632 Y190.904
N8695 X730. Y190.67
N8700 X730.387 Y190.468
N8705 X730.79 Y190.302
N8710 X731.206 Y190.17
N8715 X731.632 Y190.076
N8720 X732.064 Y190.019
N8725 X732.5 Y190.
N8730 X822.5
N8735 X822.936 Y190.019

N8740 G00 Z10.
N8745 X716.036 Y191.464
N8750 Z0.

N8755 G01 X716.33 Y191.786
N8760 X716.596 Y192.132
N8765 X716.83 Y192.5
N8770 X717.032 Y192.887
N8775 X717.198 Y193.29
N8780 X717.33 Y193.706
N8785 X717.424 Y194.132
N8790 X717.481 Y194.564
N8795 X717.5 Y195.
N8800 Y230.
N8805 X717.481 Y230.436
N8810 X717.424 Y230.868
N8815 X717.33 Y231.294
N8820 X717.198 Y231.71
N8825 X717.032 Y232.113
N8830 X716.83 Y232.5
N8835 X716.596 Y232.868
N8840 X716.33 Y233.214
N8845 X716.036 Y233.536
N8850 X715.714 Y233.83
N8855 X715.368 Y234.096
N8860 X715. Y234.33
N8865 X714.613 Y234.532
N8870 X714.21 Y234.698
N8875 X713.794 Y234.83
N8880 X713.368 Y234.924
N8885 X712.936 Y234.981
N8890 X712.5 Y235.
N8895 X677.5
N8900 X677.064 Y234.981
N8905 X676.632 Y234.924
N8910 X676.206 Y234.83
N8915 X675.79 Y234.698
N8920 X675.387 Y234.532
N8925 X675. Y234.33
N8930 X674.632 Y234.096
N8935 X674.286 Y233.83
N8940 X673.964 Y233.536
N8945 X673.67 Y233.214
N8950 X673.404 Y232.868
N8955 X673.17 Y232.5
N8960 X672.968 Y232.113
N8965 X672.802 Y231.71
N8970 X672.67 Y231.294
N8975 X672.576 Y230.868
N8980 X672.519 Y230.436
N8985 X672.5 Y230.
N8990 Y195.
N8995 X672.519 Y194.564
N9000 X672.576 Y194.132
N9005 X672.67 Y193.706
N9010 X672.802 Y193.29
N9015 X672.968 Y192.887
N9020 X673.17 Y192.5
N9025 X673.404 Y192.132
N9030 X673.67 Y191.786
N9035 X673.964 Y191.464
N9040 X674.286 Y191.17
N9045 X674.632 Y190.904
N9050 X675. Y190.67
N9055 X675.387 Y190.468
N9060 X675.79 Y190.302
N9065 X676.206 Y190.17
N9070 X676.632 Y190.076
N9075 X677.064 Y190.019
N9080 X677.5 Y190.
N9085 X712.5
N9090 X712.936 Y190.019
N9095 X713.368 Y190.076
N9100 X713.794 Y190.17
N9105 X714.21 Y190.302
N9110 X714.613 Y190.468
N9115 X715. Y190.67
N9120 X715.368 Y190.904
N9125 X715.714 Y191.17
N9130 X716.036 Y191.464

N9135 G00 Z10.
N9140 X661.596 Y192.132
N9145 Z0.

N9150 G01 X661.83 Y192.5
N9155 X662.032 Y192.887
N9160 X662.198 Y193.29
N9165 X662.33 Y193.706
N9170 X662.424 Y194.132
N9175 X662.481 Y194.564
N9180 X662.5 Y195.
N9185 Y230.
N9190 X662.481 Y230.436
N9195 X662.424 Y230.868
N9200 X662.33 Y231.294
N9205 X662.198 Y231.71
N9210 X662.032 Y232.113
N9215 X661.83 Y232.5
N9220 X661.596 Y232.868
N9225 X661.33 Y233.214
N9230 X661.036 Y233.536
N9235 X660.714 Y233.83
N9240 X660.368 Y234.096
N9245 X660. Y234.33
N9250 X659.613 Y234.532
N9255 X659.21 Y234.698
N9260 X658.794 Y234.83
N9265 X658.368 Y234.924
N9270 X657.936 Y234.981
N9275 X657.5 Y235.
N9280 X622.5
N9285 X622.064 Y234.981
N9290 X621.632 Y234.924
N9295 X621.206 Y234.83
N9300 X620.79 Y234.698
N9305 X620.387 Y234.532
N9310 X620. Y234.33
N9315 X619.632 Y234.096
N9320 X619.286 Y233.83
N9325 X618.964 Y233.536
N9330 X618.67 Y233.214
N9335 X618.404 Y232.868
N9340 X618.17 Y232.5
N9345 X617.968 Y232.113
N9350 X617.802 Y231.71
N9355 X617.67 Y231.294
N9360 X617.576 Y230.868
N9365 X617.519 Y230.436
N9370 X617.5 Y230.
N9375 Y195.
N9380 X617.519 Y194.564
N9385 X617.576 Y194.132
N9390 X617.67 Y193.706
N9395 X617.802 Y193.29
N9400 X617.968 Y192.887
N9405 X618.17 Y192.5
N9410 X618.404 Y192.132
N9415 X618.67 Y191.786
N9420 X618.964 Y191.464
N9425 X619.286 Y191.17
N9430 X619.632 Y190.904
N9435 X620. Y190.67
N9440 X620.387 Y190.468
N9445 X620.79 Y190.302
N9450 X621.206 Y190.17
N9455 X621.632 Y190.076
N9460 X622.064 Y190.019
N9465 X622.5 Y190.
N9470 X657.5
N9475 X657.936 Y190.019
N9480 X658.368 Y190.076
N9485 X658.794 Y190.17
N9490 X659.21 Y190.302
N9495 X659.613 Y190.468
N9500 X660. Y190.67
N9505 X660.368 Y190.904
N9510 X660.714 Y191.17
N9515 X661.036 Y191.464
N9520 X661.33 Y191.786
N9525 X661.596 Y192.132

N9530 G00 Z10.
N9535 X606.83 Y192.5
N9540 Z0.

N9545 G01 X607.032 Y192.887
N9550 X607.198 Y193.29
N9555 X607.33 Y193.706
N9560 X607.424 Y194.132
N9565 X607.481 Y194.564
N9570 X607.5 Y195.
N9575 Y230.
N9580 X607.481 Y230.436
N9585 X607.424 Y230.868
N9590 X607.33 Y231.294
N9595 X607.198 Y231.71
N9600 X607.032 Y232.113
N9605 X606.83 Y232.5
N9610 X606.596 Y232.868
N9615 X606.33 Y233.214
N9620 X606.036 Y233.536
N9625 X605.714 Y233.83
N9630 X605.368 Y234.096
N9635 X605. Y234.33
N9640 X604.613 Y234.532
N9645 X604.21 Y234.698
N9650 X603.794 Y234.83
N9655 X603.368 Y234.924
N9660 X602.936 Y234.981
N9665 X602.5 Y235.
N9670 X567.5
N9675 X567.064 Y234.981
N9680 X566.632 Y234.924
N9685 X566.206 Y234.83
N9690 X565.79 Y234.698
N9695 X565.387 Y234.532
N9700 X565. Y234.33
N9705 X564.632 Y234.096
N9710 X564.286 Y233.83
N9715 X563.964 Y233.536
N9720 X563.67 Y233.214
N9725 X563.404 Y232.868
N9730 X563.17 Y232.5
N9735 X562.968 Y232.113
N9740 X562.802 Y231.71
N9745 X562.67 Y231.294
N9750 X562.576 Y230.868
N9755 X562.519 Y230.436
N9760 X562.5 Y230.
N9765 Y195.
N9770 X562.519 Y194.564
N9775 X562.576 Y194.132
N9780 X562.67 Y193.706
N9785 X562.802 Y193.29
N9790 X562.968 Y192.887
N9795 X563.17 Y192.5
N9800 X563.404 Y192.132
N9805 X563.67 Y191.786
N9810 X563.964 Y191.464
N9815 X564.286 Y191.17
N9820 X564.632 Y190.904
N9825 X565. Y190.67
N9830 X565.387 Y190.468
N9835 X565.79 Y190.302
N9840 X566.206 Y190.17
N9845 X566.632 Y190.076
N9850 X567.064 Y190.019
N9855 X567.5 Y190.
N9860 X602.5
N9865 X602.936 Y190.019
N9870 X603.368 Y190.076
N9875 X603.794 Y190.17
N9880 X604.21 Y190.302
N9885 X604.613 Y190.468
N9890 X605. Y190.67
N9895 X605.368 Y190.904
N9900 X605.714 Y191.17
N9905 X606.036 Y191.464
N9910 X606.33 Y191.786
N9915 X606.596 Y192.132
N9920 X606.83 Y192.5

N9925 G00 Z10.
N9930 X552.032 Y192.887
N9935 Z0.

N9940 G01 X552.198 Y193.29
N9945 X552.33 Y193.706
N9950 X552.424 Y194.132
N9955 X552.481 Y194.564
N9960 X552.5 Y195.
N9965 Y230.
N9970 X552.481 Y230.436
N9975 X552.424 Y230.868
N9980 X552.33 Y231.294
N9985 X552.198 Y231.71
N9990 X552.032 Y232.113
N9995 X551.83 Y232.5
N10000 X551.596 Y232.868
N10005 X551.33 Y233.214
N10010 X551.036 Y233.536
N10015 X550.714 Y233.83
N10020 X550.368 Y234.096
N10025 X550. Y234.33
N10030 X549.613 Y234.532
N10035 X549.21 Y234.698
N10040 X548.794 Y234.83
N10045 X548.368 Y234.924
N10050 X547.936 Y234.981
N10055 X547.5 Y235.
N10060 X512.5
N10065 X512.064 Y234.981
N10070 X511.632 Y234.924
N10075 X511.206 Y234.83
N10080 X510.79 Y234.698
N10085 X510.387 Y234.532
N10090 X510. Y234.33
N10095 X509.632 Y234.096
N10100 X509.286 Y233.83
N10105 X508.964 Y233.536
N10110 X508.67 Y233.214
N10115 X508.404 Y232.868
N10120 X508.17 Y232.5
N10125 X507.968 Y232.113
N10130 X507.802 Y231.71
N10135 X507.67 Y231.294
N10140 X507.576 Y230.868
N10145 X507.519 Y230.436
N10150 X507.5 Y230.
N10155 Y195.
N10160 X507.519 Y194.564
N10165 X507.576 Y194.132
N10170 X507.67 Y193.706
N10175 X507.802 Y193.29
N10180 X507.968 Y192.887
N10185 X508.17 Y192.5
N10190 X508.404 Y192.132
N10195 X508.67 Y191.786
N10200 X508.964 Y191.464
N10205 X509.286 Y191.17
N10210 X509.632 Y190.904
N10215 X510. Y190.67
N10220 X510.387 Y190.468
N10225 X510.79 Y190.302
N10230 X511.206 Y190.17
N10235 X511.632 Y190.076
N10240 X512.064 Y190.019
N10245 X512.5 Y190.
N10250 X547.5
N10255 X547.936 Y190.019
N10260 X548.368 Y190.076
N10265 X548.794 Y190.17
N10270 X549.21 Y190.302
N10275 X549.613 Y190.468
N10280 X550. Y190.67
N10285 X550.368 Y190.904
N10290 X550.714 Y191.17
N10295 X551.036 Y191.464
N10300 X551.33 Y191.786
N10305 X551.596 Y192.132
N10310 X551.83 Y192.5
N10315 X552.032 Y192.887

N10320 G00 Z10.
N10325 X497.198 Y193.29
N10330 Z0.

N10335 G01 X497.33 Y193.706
N10340 X497.424 Y194.132
N10345 X497.481 Y194.564
N10350 X497.5 Y195.
N10355 Y230.
N10360 X497.481 Y230.436
N10365 X497.424 Y230.868
N10370 X497.33 Y231.294
N10375 X497.198 Y231.71
N10380 X497.032 Y232.113
N10385 X496.83 Y232.5
N10390 X496.596 Y232.868
N10395 X496.33 Y233.214
N10400 X496.036 Y233.536
N10405 X495.714 Y233.83
N10410 X495.368 Y234.096
N10415 X495. Y234.33
N10420 X494.613 Y234.532
N10425 X494.21 Y234.698
N10430 X493.794 Y234.83
N10435 X493.368 Y234.924
N10440 X492.936 Y234.981
N10445 X492.5 Y235.
N10450 X457.5
N10455 X457.064 Y234.981
N10460 X456.632 Y234.924
N10465 X456.206 Y234.83
N10470 X455.79 Y234.698
N10475 X455.387 Y234.532
N10480 X455. Y234.33
N10485 X454.632 Y234.096
N10490 X454.286 Y233.83
N10495 X453.964 Y233.536
N10500 X453.67 Y233.214
N10505 X453.404 Y232.868
N10510 X453.17 Y232.5
N10515 X452.968 Y232.113
N10520 X452.802 Y231.71
N10525 X452.67 Y231.294
N10530 X452.576 Y230.868
N10535 X452.519 Y230.436
N10540 X452.5 Y230.
N10545 Y195.
N10550 X452.519 Y194.564
N10555 X452.576 Y194.132
N10560 X452.67 Y193.706
N10565 X452.802 Y193.29
N10570 X452.968 Y192.887
N10575 X453.17 Y192.5
N10580 X453.404 Y192.132
N10585 X453.67 Y191.786
N10590 X453.964 Y191.464
N10595 X454.286 Y191.17
N10600 X454.632 Y190.904
N10605 X455. Y190.67
N10610 X455.387 Y190.468
N10615 X455.79 Y190.302
N10620 X456.206 Y190.17
N10625 X456.632 Y190.076
N10630 X457.064 Y190.019
N10635 X457.5 Y190.
N10640 X492.5
N10645 X492.936 Y190.019
N10650 X493.368 Y190.076
N10655 X493.794 Y190.17
N10660 X494.21 Y190.302
N10665 X494.613 Y190.468
N10670 X495. Y190.67
N10675 X495.368 Y190.904
N10680 X495.714 Y191.17
N10685 X496.036 Y191.464
N10690 X496.33 Y191.786
N10695 X496.596 Y192.132
N10700 X496.83 Y192.5
N10705 X497.032 Y192.887
N10710 X497.198 Y193.29

N10715 G00 Z10.
N10720 X442.33 Y193.706
N10725 Z0.

N10730 G01 X442.424 Y194.132
N10735 X442.481 Y194.564
N10740 X442.5 Y195.
N10745 Y230.
N10750 X442.481 Y230.436
N10755 X442.424 Y230.868
N10760 X442.33 Y231.294
N10765 X442.198 Y231.71
N10770 X442.032 Y232.113
N10775 X441.83 Y232.5
N10780 X441.596 Y232.868
N10785 X441.33 Y233.214
N10790 X441.036 Y233.536
N10795 X440.714 Y233.83
N10800 X440.368 Y234.096
N10805 X440. Y234.33
N10810 X439.613 Y234.532
N10815 X439.21 Y234.698
N10820 X438.794 Y234.83
N10825 X438.368 Y234.924
N10830 X437.936 Y234.981
N10835 X437.5 Y235.
N10840 X402.5
N10845 X402.064 Y234.981
N10850 X401.632 Y234.924
N10855 X401.206 Y234.83
N10860 X400.79 Y234.698
N10865 X400.387 Y234.532
N10870 X400. Y234.33
N10875 X399.632 Y234.096
N10880 X399.286 Y233.83
N10885 X398.964 Y233.536
N10890 X398.67 Y233.214
N10895 X398.404 Y232.868
N10900 X398.17 Y232.5
N10905 X397.968 Y232.113
N10910 X397.802 Y231.71
N10915 X397.67 Y231.294
N10920 X397.576 Y230.868
N10925 X397.519 Y230.436
N10930 X397.5 Y230.
N10935 Y195.
N10940 X397.519 Y194.564
N10945 X397.576 Y194.132
N10950 X397.67 Y193.706
N10955 X397.802 Y193.29
N10960 X397.968 Y192.887
N10965 X398.17 Y192.5
N10970 X398.404 Y192.132
N10975 X398.67 Y191.786
N10980 X398.964 Y191.464
N10985 X399.286 Y191.17
N10990 X399.632 Y190.904
N10995 X400. Y190.67
N11000 X400.387 Y190.468
N11005 X400.79 Y190.302
N11010 X401.206 Y190.17
N11015 X401.632 Y190.076
N11020 X402.064 Y190.019
N11025 X402.5 Y190.
N11030 X437.5
N11035 X437.936 Y190.019
N11040 X438.368 Y190.076
N11045 X438.794 Y190.17
N11050 X439.21 Y190.302
N11055 X439.613 Y190.468
N11060 X440. Y190.67
N11065 X440.368 Y190.904
N11070 X440.714 Y191.17
N11075 X441.036 Y191.464
N11080 X441.33 Y191.786
N11085 X441.596 Y192.132
N11090 X441.83 Y192.5
N11095 X442.032 Y192.887
N11100 X442.198 Y193.29
N11105 X442.33 Y193.706

N11110 G00 Z10.
N11115 X387.33
N11120 Z0.

N11125 G01 X387.424 Y194.132
N11130 X387.481 Y194.564
N11135 X387.5 Y195.
N11140 Y230.
N11145 X387.481 Y230.436
N11150 X387.424 Y230.868
N11155 X387.33 Y231.294
N11160 X387.198 Y231.71
N11165 X387.032 Y232.113
N11170 X386.83 Y232.5
N11175 X386.596 Y232.868
N11180 X386.33 Y233.214
N11185 X386.036 Y233.536
N11190 X385.714 Y233.83
N11195 X385.368 Y234.096
N11200 X385. Y234.33
N11205 X384.613 Y234.532
N11210 X384.21 Y234.698
N11215 X383.794 Y234.83
N11220 X383.368 Y234.924
N11225 X382.936 Y234.981
N11230 X382.5 Y235.
N11235 X347.5
N11240 X347.064 Y234.981
N11245 X346.632 Y234.924
N11250 X346.206 Y234.83
N11255 X345.79 Y234.698
N11260 X345.387 Y234.532
N11265 X345. Y234.33
N11270 X344.632 Y234.096
N11275 X344.286 Y233.83
N11280 X343.964 Y233.536
N11285 X343.67 Y233.214
N11290 X343.404 Y232.868
N11295 X343.17 Y232.5
N11300 X342.968 Y232.113
N11305 X342.802 Y231.71
N11310 X342.67 Y231.294
N11315 X342.576 Y230.868
N11320 X342.519 Y230.436
N11325 X342.5 Y230.
N11330 Y195.
N11335 X342.519 Y194.564
N11340 X342.576 Y194.132
N11345 X342.67 Y193.706
N11350 X342.802 Y193.29
N11355 X342.968 Y192.887
N11360 X343.17 Y192.5
N11365 X343.404 Y192.132
N11370 X343.67 Y191.786
N11375 X343.964 Y191.464
N11380 X344.286 Y191.17
N11385 X344.632 Y190.904
N11390 X345. Y190.67
N11395 X345.387 Y190.468
N11400 X345.79 Y190.302
N11405 X346.206 Y190.17
N11410 X346.632 Y190.076
N11415 X347.064 Y190.019
N11420 X347.5 Y190.
N11425 X382.5
N11430 X382.936 Y190.019
N11435 X383.368 Y190.076
N11440 X383.794 Y190.17
N11445 X384.21 Y190.302
N11450 X384.613 Y190.468
N11455 X385. Y190.67
N11460 X385.368 Y190.904
N11465 X385.714 Y191.17
N11470 X386.036 Y191.464
N11475 X386.33 Y191.786
N11480 X386.596 Y192.132
N11485 X386.83 Y192.5
N11490 X387.032 Y192.887
N11495 X387.198 Y193.29
N11500 X387.33 Y193.706

N11505 G00 Z10.
N11510 X332.33
N11515 Z0.

N11520 G01 X332.424 Y194.132
N11525 X332.481 Y194.564
N11530 X332.5 Y195.
N11535 Y230.
N11540 X332.481 Y230.436
N11545 X332.424 Y230.868
N11550 X332.33 Y231.294
N11555 X332.198 Y231.71
N11560 X332.032 Y232.113
N11565 X331.83 Y232.5
N11570 X331.596 Y232.868
N11575 X331.33 Y233.214
N11580 X331.036 Y233.536
N11585 X330.714 Y233.83
N11590 X330.368 Y234.096
N11595 X330. Y234.33
N11600 X329.613 Y234.532
N11605 X329.21 Y234.698
N11610 X328.794 Y234.83
N11615 X328.368 Y234.924
N11620 X327.936 Y234.981
N11625 X327.5 Y235.
N11630 X292.5
N11635 X292.064 Y234.981
N11640 X291.632 Y234.924
N11645 X291.206 Y234.83
N11650 X290.79 Y234.698
N11655 X290.387 Y234.532
N11660 X290. Y234.33
N11665 X289.632 Y234.096
N11670 X289.286 Y233.83
N11675 X288.964 Y233.536
N11680 X288.67 Y233.214
N11685 X288.404 Y232.868
N11690 X288.17 Y232.5
N11695 X287.968 Y232.113
N11700 X287.802 Y231.71
N11705 X287.67 Y231.294
N11710 X287.576 Y230.868
N11715 X287.519 Y230.436
N11720 X287.5 Y230.
N11725 Y195.
N11730 X287.519 Y194.564
N11735 X287.576 Y194.132
N11740 X287.67 Y193.706
N11745 X287.802 Y193.29
N11750 X287.968 Y192.887
N11755 X288.17 Y192.5
N11760 X288.404 Y192.132
N11765 X288.67 Y191.786
N11770 X288.964 Y191.464
N11775 X289.286 Y191.17
N11780 X289.632 Y190.904
N11785 X290. Y190.67
N11790 X290.387 Y190.468
N11795 X290.79 Y190.302
N11800 X291.206 Y190.17
N11805 X291.632 Y190.076
N11810 X292.064 Y190.019
N11815 X292.5 Y190.
N11820 X327.5
N11825 X327.936 Y190.019
N11830 X328.368 Y190.076
N11835 X328.794 Y190.17
N11840 X329.21 Y190.302
N11845 X329.613 Y190.468
N11850 X330. Y190.67
N11855 X330.368 Y190.904
N11860 X330.714 Y191.17
N11865 X331.036 Y191.464
N11870 X331.33 Y191.786
N11875 X331.596 Y192.132
N11880 X331.83 Y192.5
N11885 X332.032 Y192.887
N11890 X332.198 Y193.29
N11895 X332.33 Y193.706

N11900 G00 Z10.
N11905 X277.33
N11910 Z0.

N11915 G01 X277.424 Y194.132
N11920 X277.481 Y194.564
N11925 X277.5 Y195.
N11930 Y230.
N11935 X277.481 Y230.436
N11940 X277.424 Y230.868
N11945 X277.33 Y231.294
N11950 X277.198 Y231.71
N11955 X277.032 Y232.113
N11960 X276.83 Y232.5
N11965 X276.596 Y232.868
N11970 X276.33 Y233.214
N11975 X276.036 Y233.536
N11980 X275.714 Y233.83
N11985 X275.368 Y234.096
N11990 X275. Y234.33
N11995 X274.613 Y234.532
N12000 X274.21 Y234.698
N12005 X273.794 Y234.83
N12010 X273.368 Y234.924
N12015 X272.936 Y234.981
N12020 X272.5 Y235.
N12025 X237.5
N12030 X237.064 Y234.981
N12035 X236.632 Y234.924
N12040 X236.206 Y234.83
N12045 X235.79 Y234.698
N12050 X235.387 Y234.532
N12055 X235. Y234.33
N12060 X234.632 Y234.096
N12065 X234.286 Y233.83
N12070 X233.964 Y233.536
N12075 X233.67 Y233.214
N12080 X233.404 Y232.868
N12085 X233.17 Y232.5
N12090 X232.968 Y232.113
N12095 X232.802 Y231.71
N12100 X232.67 Y231.294
N12105 X232.576 Y230.868
N12110 X232.519 Y230.436
N12115 X232.5 Y230.
N12120 Y195.
N12125 X232.519 Y194.564
N12130 X232.576 Y194.132
N12135 X232.67 Y193.706
N12140 X232.802 Y193.29
N12145 X232.968 Y192.887
N12150 X233.17 Y192.5
N12155 X233.404 Y192.132
N12160 X233.67 Y191.786
N12165 X233.964 Y191.464
N12170 X234.286 Y191.17
N12175 X234.632 Y190.904
N12180 X235. Y190.67
N12185 X235.387 Y190.468
N12190 X235.79 Y190.302
N12195 X236.206 Y190.17
N12200 X236.632 Y190.076
N12205 X237.064 Y190.019
N12210 X237.5 Y190.
N12215 X272.5
N12220 X272.936 Y190.019
N12225 X273.368 Y190.076
N12230 X273.794 Y190.17
N12235 X274.21 Y190.302
N12240 X274.613 Y190.468
N12245 X275. Y190.67
N12250 X275.368 Y190.904
N12255 X275.714 Y191.17
N12260 X276.036 Y191.464
N12265 X276.33 Y191.786
N12270 X276.596 Y192.132
N12275 X276.83 Y192.5
N12280 X277.032 Y192.887
N12285 X277.198 Y193.29
N12290 X277.33 Y193.706

N12295 G00 Z10.
N12300 X222.424 Y194.132
N12305 Z0.

N12310 G01 X222.481 Y194.564
N12315 X222.5 Y195.
N12320 Y230.
N12325 X222.481 Y230.436
N12330 X222.424 Y230.868
N12335 X222.33 Y231.294
N12340 X222.198 Y231.71
N12345 X222.032 Y232.113
N12350 X221.83 Y232.5
N12355 X221.596 Y232.868
N12360 X221.33 Y233.214
N12365 X221.036 Y233.536
N12370 X220.714 Y233.83
N12375 X220.368 Y234.096
N12380 X220. Y234.33
N12385 X219.613 Y234.532
N12390 X219.21 Y234.698
N12395 X218.794 Y234.83
N12400 X218.368 Y234.924
N12405 X217.936 Y234.981
N12410 X217.5 Y235.
N12415 X182.5
N12420 X182.064 Y234.981
N12425 X181.632 Y234.924
N12430 X181.206 Y234.83
N12435 X180.79 Y234.698
N12440 X180.387 Y234.532
N12445 X180. Y234.33
N12450 X179.632 Y234.096
N12455 X179.286 Y233.83
N12460 X178.964 Y233.536
N12465 X178.67 Y233.214
N12470 X178.404 Y232.868
N12475 X178.17 Y232.5
N12480 X177.968 Y232.113
N12485 X177.802 Y231.71
N12490 X177.67 Y231.294
N12495 X177.576 Y230.868
N12500 X177.519 Y230.436
N12505 X177.5 Y230.
N12510 Y195.
N12515 X177.519 Y194.564
N12520 X177.576 Y194.132
N12525 X177.67 Y193.706
N12530 X177.802 Y193.29
N12535 X177.968 Y192.887
N12540 X178.17 Y192.5
N12545 X178.404 Y192.132
N12550 X178.67 Y191.786
N12555 X178.964 Y191.464
N12560 X179.286 Y191.17
N12565 X179.632 Y190.904
N12570 X180. Y190.67
N12575 X180.387 Y190.468
N12580 X180.79 Y190.302
N12585 X181.206 Y190.17
N12590 X181.632 Y190.076
N12595 X182.064 Y190.019
N12600 X182.5 Y190.
N12605 X217.5
N12610 X217.936 Y190.019
N12615 X218.368 Y190.076
N12620 X218.794 Y190.17
N12625 X219.21 Y190.302
N12630 X219.613 Y190.468
N12635 X220. Y190.67
N12640 X220.368 Y190.904
N12645 X220.714 Y191.17
N12650 X221.036 Y191.464
N12655 X221.33 Y191.786
N12660 X221.596 Y192.132
N12665 X221.83 Y192.5
N12670 X222.032 Y192.887
N12675 X222.198 Y193.29
N12680 X222.33 Y193.706
N12685 X222.424 Y194.132

N12690 G00 Z10.
N12695 X167.424
N12700 Z0.

N12705 G01 X167.481 Y194.564
N12710 X167.5 Y195.
N12715 Y230.
N12720 X167.481 Y230.436
N12725 X167.424 Y230.868
N12730 X167.33 Y231.294
N12735 X167.198 Y231.71
N12740 X167.032 Y232.113
N12745 X166.83 Y232.5
N12750 X166.596 Y232.868
N12755 X166.33 Y233.214
N12760 X166.036 Y233.536
N12765 X165.714 Y233.83
N12770 X165.368 Y234.096
N12775 X165. Y234.33
N12780 X164.613 Y234.532
N12785 X164.21 Y234.698
N12790 X163.794 Y234.83
N12795 X163.368 Y234.924
N12800 X162.936 Y234.981
N12805 X162.5 Y235.
N12810 X127.5
N12815 X127.064 Y234.981
N12820 X126.632 Y234.924
N12825 X126.206 Y234.83
N12830 X125.79 Y234.698
N12835 X125.387 Y234.532
N12840 X125. Y234.33
N12845 X124.632 Y234.096
N12850 X124.286 Y233.83
N12855 X123.964 Y233.536
N12860 X123.67 Y233.214
N12865 X123.404 Y232.868
N12870 X123.17 Y232.5
N12875 X122.968 Y232.113
N12880 X122.802 Y231.71
N12885 X122.67 Y231.294
N12890 X122.576 Y230.868
N12895 X122.519 Y230.436
N12900 X122.5 Y230.
N12905 Y195.
N12910 X122.519 Y194.564
N12915 X122.576 Y194.132
N12920 X122.67 Y193.706
N12925 X122.802 Y193.29
N12930 X122.968 Y192.887
N12935 X123.17 Y192.5
N12940 X123.404 Y192.132
N12945 X123.67 Y191.786
N12950 X123.964 Y191.464
N12955 X124.286 Y191.17
N12960 X124.632 Y190.904
N12965 X125. Y190.67
N12970 X125.387 Y190.468
N12975 X125.79 Y190.302
N12980 X126.206 Y190.17
N12985 X126.632 Y190.076
N12990 X127.064 Y190.019
N12995 X127.5 Y190.
N13000 X162.5
N13005 X162.936 Y190.019
N13010 X163.368 Y190.076
N13015 X163.794 Y190.17
N13020 X164.21 Y190.302
N13025 X164.613 Y190.468
N13030 X165. Y190.67
N13035 X165.368 Y190.904
N13040 X165.714 Y191.17
N13045 X166.036 Y191.464
N13050 X166.33 Y191.786
N13055 X166.596 Y192.132
N13060 X166.83 Y192.5
N13065 X167.032 Y192.887
N13070 X167.198 Y193.29
N13075 X167.33 Y193.706
N13080 X167.424 Y194.132

N13085 G00 Z10.
N13090 X112.424
N13095 Z0.

N13100 G01 X112.481 Y194.564
N13105 X112.5 Y195.
N13110 Y230.
N13115 X112.481 Y230.436
N13120 X112.424 Y230.868
N13125 X112.33 Y231.294
N13130 X112.198 Y231.71
N13135 X112.032 Y232.113
N13140 X111.83 Y232.5
N13145 X111.596 Y232.868
N13150 X111.33 Y233.214
N13155 X111.036 Y233.536
N13160 X110.714 Y233.83
N13165 X110.368 Y234.096
N13170 X110. Y234.33
N13175 X109.613 Y234.532
N13180 X109.21 Y234.698
N13185 X108.794 Y234.83
N13190 X108.368 Y234.924
N13195 X107.936 Y234.981
N13200 X107.5 Y235.
N13205 X27.5
N13210 X27.064 Y234.981
N13215 X26.632 Y234.924
N13220 X26.206 Y234.83
N13225 X25.79 Y234.698
N13230 X25.387 Y234.532
N13235 X25. Y234.33
N13240 X24.632 Y234.096
N13245 X24.286 Y233.83
N13250 X23.965 Y233.536
N13255 X23.67 Y233.214
N13260 X23.404 Y232.868
N13265 X23.17 Y232.5
N13270 X22.969 Y232.113
N13275 X22.802 Y231.71
N13280 X22.67 Y231.294
N13285 X22.576 Y230.868
N13290 X22.519 Y230.436
N13295 X22.5 Y230.
N13300 Y195.
N13305 X22.519 Y194.564
N13310 X22.576 Y194.132
N13315 X22.67 Y193.706
N13320 X22.802 Y193.29
N13325 X22.969 Y192.887
N13330 X23.17 Y192.5
N13335 X23.404 Y192.132
N13340 X23.67 Y191.786
N13345 X23.965 Y191.464
N13350 X24.286 Y191.17
N13355 X24.632 Y190.904
N13360 X25. Y190.67
N13365 X25.387 Y190.468
N13370 X25.79 Y190.302
N13375 X26.206 Y190.17
N13380 X26.632 Y190.076
N13385 X27.064 Y190.019
N13390 X27.5 Y190.
N13395 X107.5
N13400 X107.936 Y190.019
N13405 X108.368 Y190.076
N13410 X108.794 Y190.17
N13415 X109.21 Y190.302
N13420 X109.613 Y190.468
N13425 X110. Y190.67
N13430 X110.368 Y190.904
N13435 X110.714 Y191.17
N13440 X111.036 Y191.464
N13445 X111.33 Y191.786
N13450 X111.596 Y192.132
N13455 X111.83 Y192.5
N13460 X112.032 Y192.887
N13465 X112.198 Y193.29
N13470 X112.33 Y193.706
N13475 X112.424 Y194.132

N13480 G00 Z10.
N13485 X97.33 Y248.706
N13490 Z0.

N13495 G01 X97.424 Y249.132
N13500 X97.481 Y249.564
N13505 X97.5 Y250.
N13510 Y285.
N13515 X97.481 Y285.436
N13520 X97.424 Y285.868
N13525 X97.33 Y286.294
N13530 X97.199 Y286.71
N13535 X97.032 Y287.113
N13540 X96.83 Y287.5
N13545 X96.596 Y287.868
N13550 X96.33 Y288.214
N13555 X96.035 Y288.536
N13560 X95.714 Y288.83
N13565 X95.368 Y289.096
N13570 X95. Y289.33
N13575 X94.613 Y289.532
N13580 X94.21 Y289.698
N13585 X93.794 Y289.83
N13590 X93.368 Y289.924
N13595 X92.936 Y289.981
N13600 X92.5 Y290.
N13605 X27.5
N13610 X27.064 Y289.981
N13615 X26.632 Y289.924
N13620 X26.206 Y289.83
N13625 X25.79 Y289.698
N13630 X25.387 Y289.532
N13635 X25. Y289.33
N13640 X24.632 Y289.096
N13645 X24.286 Y288.83
N13650 X23.965 Y288.536
N13655 X23.67 Y288.214
N13660 X23.404 Y287.868
N13665 X23.17 Y287.5
N13670 X22.969 Y287.113
N13675 X22.802 Y286.71
N13680 X22.67 Y286.294
N13685 X22.576 Y285.868
N13690 X22.519 Y285.436
N13695 X22.5 Y285.
N13700 Y250.
N13705 X22.519 Y249.564
N13710 X22.576 Y249.132
N13715 X22.67 Y248.706
N13720 X22.802 Y248.29
N13725 X22.969 Y247.887
N13730 X23.17 Y247.5
N13735 X23.404 Y247.132
N13740 X23.67 Y246.786
N13745 X23.965 Y246.464
N13750 X24.286 Y246.17
N13755 X24.632 Y245.904
N13760 X25. Y245.67
N13765 X25.387 Y245.468
N13770 X25.79 Y245.302
N13775 X26.206 Y245.17
N13780 X26.632 Y245.076
N13785 X27.064 Y245.019
N13790 X27.5 Y245.
N13795 X92.5
N13800 X92.936 Y245.019
N13805 X93.368 Y245.076
N13810 X93.794 Y245.17
N13815 X94.21 Y245.302
N13820 X94.613 Y245.468
N13825 X95. Y245.67
N13830 X95.368 Y245.904
N13835 X95.714 Y246.17
N13840 X96.035 Y246.464
N13845 X96.33 Y246.786
N13850 X96.596 Y247.132
N13855 X96.83 Y247.5
N13860 X97.032 Y247.887
N13865 X97.199 Y248.29
N13870 X97.33 Y248.706

N13875 G00 Z10.
N13880 X152.33
N13885 Z0.

N13890 G01 X152.424 Y249.132
N13895 X152.481 Y249.564
N13900 X152.5 Y250.
N13905 Y285.
N13910 X152.481 Y285.436
N13915 X152.424 Y285.868
N13920 X152.33 Y286.294
N13925 X152.198 Y286.71
N13930 X152.032 Y287.113
N13935 X151.83 Y287.5
N13940 X151.596 Y287.868
N13945 X151.33 Y288.214
N13950 X151.036 Y288.536
N13955 X150.714 Y288.83
N13960 X150.368 Y289.096
N13965 X150. Y289.33
N13970 X149.613 Y289.532
N13975 X149.21 Y289.698
N13980 X148.794 Y289.83
N13985 X148.368 Y289.924
N13990 X147.936 Y289.981
N13995 X147.5 Y290.
N14000 X112.5
N14005 X112.064 Y289.981
N14010 X111.632 Y289.924
N14015 X111.206 Y289.83
N14020 X110.79 Y289.698
N14025 X110.387 Y289.532
N14030 X110. Y289.33
N14035 X109.632 Y289.096
N14040 X109.286 Y288.83
N14045 X108.964 Y288.536
N14050 X108.67 Y288.214
N14055 X108.404 Y287.868
N14060 X108.17 Y287.5
N14065 X107.968 Y287.113
N14070 X107.802 Y286.71
N14075 X107.67 Y286.294
N14080 X107.576 Y285.868
N14085 X107.519 Y285.436
N14090 X107.5 Y285.
N14095 Y250.
N14100 X107.519 Y249.564
N14105 X107.576 Y249.132
N14110 X107.67 Y248.706
N14115 X107.802 Y248.29
N14120 X107.968 Y247.887
N14125 X108.17 Y247.5
N14130 X108.404 Y247.132
N14135 X108.67 Y246.786
N14140 X108.964 Y246.464
N14145 X109.286 Y246.17
N14150 X109.632 Y245.904
N14155 X110. Y245.67
N14160 X110.387 Y245.468
N14165 X110.79 Y245.302
N14170 X111.206 Y245.17
N14175 X111.632 Y245.076
N14180 X112.064 Y245.019
N14185 X112.5 Y245.
N14190 X147.5
N14195 X147.936 Y245.019
N14200 X148.368 Y245.076
N14205 X148.794 Y245.17
N14210 X149.21 Y245.302
N14215 X149.613 Y245.468
N14220 X150. Y245.67
N14225 X150.368 Y245.904
N14230 X150.714 Y246.17
N14235 X151.036 Y246.464
N14240 X151.33 Y246.786
N14245 X151.596 Y247.132
N14250 X151.83 Y247.5
N14255 X152.032 Y247.887
N14260 X152.198 Y248.29
N14265 X152.33 Y248.706

N14270 G00 Z10.
N14275 X207.33
N14280 Z0.

N14285 G01 X207.424 Y249.132
N14290 X207.481 Y249.564
N14295 X207.5 Y250.
N14300 Y285.
N14305 X207.481 Y285.436
N14310 X207.424 Y285.868
N14315 X207.33 Y286.294
N14320 X207.198 Y286.71
N14325 X207.032 Y287.113
N14330 X206.83 Y287.5
N14335 X206.596 Y287.868
N14340 X206.33 Y288.214
N14345 X206.036 Y288.536
N14350 X205.714 Y288.83
N14355 X205.368 Y289.096
N14360 X205. Y289.33
N14365 X204.613 Y289.532
N14370 X204.21 Y289.698
N14375 X203.794 Y289.83
N14380 X203.368 Y289.924
N14385 X202.936 Y289.981
N14390 X202.5 Y290.
N14395 X167.5
N14400 X167.064 Y289.981
N14405 X166.632 Y289.924
N14410 X166.206 Y289.83
N14415 X165.79 Y289.698
N14420 X165.387 Y289.532
N14425 X165. Y289.33
N14430 X164.632 Y289.096
N14435 X164.286 Y288.83
N14440 X163.964 Y288.536
N14445 X163.67 Y288.214
N14450 X163.404 Y287.868
N14455 X163.17 Y287.5
N14460 X162.968 Y287.113
N14465 X162.802 Y286.71
N14470 X162.67 Y286.294
N14475 X162.576 Y285.868
N14480 X162.519 Y285.436
N14485 X162.5 Y285.
N14490 Y250.
N14495 X162.519 Y249.564
N14500 X162.576 Y249.132
N14505 X162.67 Y248.706
N14510 X162.802 Y248.29
N14515 X162.968 Y247.887
N14520 X163.17 Y247.5
N14525 X163.404 Y247.132
N14530 X163.67 Y246.786
N14535 X163.964 Y246.464
N14540 X164.286 Y246.17
N14545 X164.632 Y245.904
N14550 X165. Y245.67
N14555 X165.387 Y245.468
N14560 X165.79 Y245.302
N14565 X166.206 Y245.17
N14570 X166.632 Y245.076
N14575 X167.064 Y245.019
N14580 X167.5 Y245.
N14585 X202.5
N14590 X202.936 Y245.019
N14595 X203.368 Y245.076
N14600 X203.794 Y245.17
N14605 X204.21 Y245.302
N14610 X204.613 Y245.468
N14615 X205. Y245.67
N14620 X205.368 Y245.904
N14625 X205.714 Y246.17
N14630 X206.036 Y246.464
N14635 X206.33 Y246.786
N14640 X206.596 Y247.132
N14645 X206.83 Y247.5
N14650 X207.032 Y247.887
N14655 X207.198 Y248.29
N14660 X207.33 Y248.706

N14665 G00 Z10.
N14670 X262.33
N14675 Z0.

N14680 G01 X262.424 Y249.132
N14685 X262.481 Y249.564
N14690 X262.5 Y250.
N14695 Y285.
N14700 X262.481 Y285.436
N14705 X262.424 Y285.868
N14710 X262.33 Y286.294
N14715 X262.198 Y286.71
N14720 X262.032 Y287.113
N14725 X261.83 Y287.5
N14730 X261.596 Y287.868
N14735 X261.33 Y288.214
N14740 X261.036 Y288.536
N14745 X260.714 Y288.83
N14750 X260.368 Y289.096
N14755 X260. Y289.33
N14760 X259.613 Y289.532
N14765 X259.21 Y289.698
N14770 X258.794 Y289.83
N14775 X258.368 Y289.924
N14780 X257.936 Y289.981
N14785 X257.5 Y290.
N14790 X222.5
N14795 X222.064 Y289.981
N14800 X221.632 Y289.924
N14805 X221.206 Y289.83
N14810 X220.79 Y289.698
N14815 X220.387 Y289.532
N14820 X220. Y289.33
N14825 X219.632 Y289.096
N14830 X219.286 Y288.83
N14835 X218.964 Y288.536
N14840 X218.67 Y288.214
N14845 X218.404 Y287.868
N14850 X218.17 Y287.5
N14855 X217.968 Y287.113
N14860 X217.802 Y286.71
N14865 X217.67 Y286.294
N14870 X217.576 Y285.868
N14875 X217.519 Y285.436
N14880 X217.5 Y285.
N14885 Y250.
N14890 X217.519 Y249.564
N14895 X217.576 Y249.132
N14900 X217.67 Y248.706
N14905 X217.802 Y248.29
N14910 X217.968 Y247.887
N14915 X218.17 Y247.5
N14920 X218.404 Y247.132
N14925 X218.67 Y246.786
N14930 X218.964 Y246.464
N14935 X219.286 Y246.17
N14940 X219.632 Y245.904
N14945 X220. Y245.67
N14950 X220.387 Y245.468
N14955 X220.79 Y245.302
N14960 X221.206 Y245.17
N14965 X221.632 Y245.076
N14970 X222.064 Y245.019
N14975 X222.5 Y245.
N14980 X257.5
N14985 X257.936 Y245.019
N14990 X258.368 Y245.076
N14995 X258.794 Y245.17
N15000 X259.21 Y245.302
N15005 X259.613 Y245.468
N15010 X260. Y245.67
N15015 X260.368 Y245.904
N15020 X260.714 Y246.17
N15025 X261.036 Y246.464
N15030 X261.33 Y246.786
N15035 X261.596 Y247.132
N15040 X261.83 Y247.5
N15045 X262.032 Y247.887
N15050 X262.198 Y248.29
N15055 X262.33 Y248.706

N15060 G00 Z10.
N15065 X317.198 Y248.29
N15070 Z0.

N15075 G01 X317.33 Y248.706
N15080 X317.424 Y249.132
N15085 X317.481 Y249.564
N15090 X317.5 Y250.
N15095 Y285.
N15100 X317.481 Y285.436
N15105 X317.424 Y285.868
N15110 X317.33 Y286.294
N15115 X317.198 Y286.71
N15120 X317.032 Y287.113
N15125 X316.83 Y287.5
N15130 X316.596 Y287.868
N15135 X316.33 Y288.214
N15140 X316.036 Y288.536
N15145 X315.714 Y288.83
N15150 X315.368 Y289.096
N15155 X315. Y289.33
N15160 X314.613 Y289.532
N15165 X314.21 Y289.698
N15170 X313.794 Y289.83
N15175 X313.368 Y289.924
N15180 X312.936 Y289.981
N15185 X312.5 Y290.
N15190 X277.5
N15195 X277.064 Y289.981
N15200 X276.632 Y289.924
N15205 X276.206 Y289.83
N15210 X275.79 Y289.698
N15215 X275.387 Y289.532
N15220 X275. Y289.33
N15225 X274.632 Y289.096
N15230 X274.286 Y288.83
N15235 X273.964 Y288.536
N15240 X273.67 Y288.214
N15245 X273.404 Y287.868
N15250 X273.17 Y287.5
N15255 X272.968 Y287.113
N15260 X272.802 Y286.71
N15265 X272.67 Y286.294
N15270 X272.576 Y285.868
N15275 X272.519 Y285.436
N15280 X272.5 Y285.
N15285 Y250.
N15290 X272.519 Y249.564
N15295 X272.576 Y249.132
N15300 X272.67 Y248.706
N15305 X272.802 Y248.29
N15310 X272.968 Y247.887
N15315 X273.17 Y247.5
N15320 X273.404 Y247.132
N15325 X273.67 Y246.786
N15330 X273.964 Y246.464
N15335 X274.286 Y246.17
N15340 X274.632 Y245.904
N15345 X275. Y245.67
N15350 X275.387 Y245.468
N15355 X275.79 Y245.302
N15360 X276.206 Y245.17
N15365 X276.632 Y245.076
N15370 X277.064 Y245.019
N15375 X277.5 Y245.
N15380 X312.5
N15385 X312.936 Y245.019
N15390 X313.368 Y245.076
N15395 X313.794 Y245.17
N15400 X314.21 Y245.302
N15405 X314.613 Y245.468
N15410 X315. Y245.67
N15415 X315.368 Y245.904
N15420 X315.714 Y246.17
N15425 X316.036 Y246.464
N15430 X316.33 Y246.786
N15435 X316.596 Y247.132
N15440 X316.83 Y247.5
N15445 X317.032 Y247.887
N15450 X317.198 Y248.29

N15455 G00 Z10.
N15460 X372.198
N15465 Z0.

N15470 G01 X372.33 Y248.706
N15475 X372.424 Y249.132
N15480 X372.481 Y249.564
N15485 X372.5 Y250.
N15490 Y285.
N15495 X372.481 Y285.436
N15500 X372.424 Y285.868
N15505 X372.33 Y286.294
N15510 X372.198 Y286.71
N15515 X372.032 Y287.113
N15520 X371.83 Y287.5
N15525 X371.596 Y287.868
N15530 X371.33 Y288.214
N15535 X371.036 Y288.536
N15540 X370.714 Y288.83
N15545 X370.368 Y289.096
N15550 X370. Y289.33
N15555 X369.613 Y289.532
N15560 X369.21 Y289.698
N15565 X368.794 Y289.83
N15570 X368.368 Y289.924
N15575 X367.936 Y289.981
N15580 X367.5 Y290.
N15585 X332.5
N15590 X332.064 Y289.981
N15595 X331.632 Y289.924
N15600 X331.206 Y289.83
N15605 X330.79 Y289.698
N15610 X330.387 Y289.532
N15615 X330. Y289.33
N15620 X329.632 Y289.096
N15625 X329.286 Y288.83
N15630 X328.964 Y288.536
N15635 X328.67 Y288.214
N15640 X328.404 Y287.868
N15645 X328.17 Y287.5
N15650 X327.968 Y287.113
N15655 X327.802 Y286.71
N15660 X327.67 Y286.294
N15665 X327.576 Y285.868
N15670 X327.519 Y285.436
N15675 X327.5 Y285.
N15680 Y250.
N15685 X327.519 Y249.564
N15690 X327.576 Y249.132
N15695 X327.67 Y248.706
N15700 X327.802 Y248.29
N15705 X327.968 Y247.887
N15710 X328.17 Y247.5
N15715 X328.404 Y247.132
N15720 X328.67 Y246.786
N15725 X328.964 Y246.464
N15730 X329.286 Y246.17
N15735 X329.632 Y245.904
N15740 X330. Y245.67
N15745 X330.387 Y245.468
N15750 X330.79 Y245.302
N15755 X331.206 Y245.17
N15760 X331.632 Y245.076
N15765 X332.064 Y245.019
N15770 X332.5 Y245.
N15775 X367.5
N15780 X367.936 Y245.019
N15785 X368.368 Y245.076
N15790 X368.794 Y245.17
N15795 X369.21 Y245.302
N15800 X369.613 Y245.468
N15805 X370. Y245.67
N15810 X370.368 Y245.904
N15815 X370.714 Y246.17
N15820 X371.036 Y246.464
N15825 X371.33 Y246.786
N15830 X371.596 Y247.132
N15835 X371.83 Y247.5
N15840 X372.032 Y247.887
N15845 X372.198 Y248.29

N15850 G00 Z10.
N15855 X427.032 Y247.887
N15860 Z0.

N15865 G01 X427.198 Y248.29
N15870 X427.33 Y248.706
N15875 X427.424 Y249.132
N15880 X427.481 Y249.564
N15885 X427.5 Y250.
N15890 Y285.
N15895 X427.481 Y285.436
N15900 X427.424 Y285.868
N15905 X427.33 Y286.294
N15910 X427.198 Y286.71
N15915 X427.032 Y287.113
N15920 X426.83 Y287.5
N15925 X426.596 Y287.868
N15930 X426.33 Y288.214
N15935 X426.036 Y288.536
N15940 X425.714 Y288.83
N15945 X425.368 Y289.096
N15950 X425. Y289.33
N15955 X424.613 Y289.532
N15960 X424.21 Y289.698
N15965 X423.794 Y289.83
N15970 X423.368 Y289.924
N15975 X422.936 Y289.981
N15980 X422.5 Y290.
N15985 X387.5
N15990 X387.064 Y289.981
N15995 X386.632 Y289.924
N16000 X386.206 Y289.83
N16005 X385.79 Y289.698
N16010 X385.387 Y289.532
N16015 X385. Y289.33
N16020 X384.632 Y289.096
N16025 X384.286 Y288.83
N16030 X383.964 Y288.536
N16035 X383.67 Y288.214
N16040 X383.404 Y287.868
N16045 X383.17 Y287.5
N16050 X382.968 Y287.113
N16055 X382.802 Y286.71
N16060 X382.67 Y286.294
N16065 X382.576 Y285.868
N16070 X382.519 Y285.436
N16075 X382.5 Y285.
N16080 Y250.
N16085 X382.519 Y249.564
N16090 X382.576 Y249.132
N16095 X382.67 Y248.706
N16100 X382.802 Y248.29
N16105 X382.968 Y247.887
N16110 X383.17 Y247.5
N16115 X383.404 Y247.132
N16120 X383.67 Y246.786
N16125 X383.964 Y246.464
N16130 X384.286 Y246.17
N16135 X384.632 Y245.904
N16140 X385. Y245.67
N16145 X385.387 Y245.468
N16150 X385.79 Y245.302
N16155 X386.206 Y245.17
N16160 X386.632 Y245.076
N16165 X387.064 Y245.019
N16170 X387.5 Y245.
N16175 X422.5
N16180 X422.936 Y245.019
N16185 X423.368 Y245.076
N16190 X423.794 Y245.17
N16195 X424.21 Y245.302
N16200 X424.613 Y245.468
N16205 X425. Y245.67
N16210 X425.368 Y245.904
N16215 X425.714 Y246.17
N16220 X426.036 Y246.464
N16225 X426.33 Y246.786
N16230 X426.596 Y247.132
N16235 X426.83 Y247.5
N16240 X427.032 Y247.887

N16245 G00 Z10.
N16250 X482.032
N16255 Z0.

N16260 G01 X482.198 Y248.29
N16265 X482.33 Y248.706
N16270 X482.424 Y249.132
N16275 X482.481 Y249.564
N16280 X482.5 Y250.
N16285 Y285.
N16290 X482.481 Y285.436
N16295 X482.424 Y285.868
N16300 X482.33 Y286.294
N16305 X482.198 Y286.71
N16310 X482.032 Y287.113
N16315 X481.83 Y287.5
N16320 X481.596 Y287.868
N16325 X481.33 Y288.214
N16330 X481.036 Y288.536
N16335 X480.714 Y288.83
N16340 X480.368 Y289.096
N16345 X480. Y289.33
N16350 X479.613 Y289.532
N16355 X479.21 Y289.698
N16360 X478.794 Y289.83
N16365 X478.368 Y289.924
N16370 X477.936 Y289.981
N16375 X477.5 Y290.
N16380 X442.5
N16385 X442.064 Y289.981
N16390 X441.632 Y289.924
N16395 X441.206 Y289.83
N16400 X440.79 Y289.698
N16405 X440.387 Y289.532
N16410 X440. Y289.33
N16415 X439.632 Y289.096
N16420 X439.286 Y288.83
N16425 X438.964 Y288.536
N16430 X438.67 Y288.214
N16435 X438.404 Y287.868
N16440 X438.17 Y287.5
N16445 X437.968 Y287.113
N16450 X437.802 Y286.71
N16455 X437.67 Y286.294
N16460 X437.576 Y285.868
N16465 X437.519 Y285.436
N16470 X437.5 Y285.
N16475 Y250.
N16480 X437.519 Y249.564
N16485 X437.576 Y249.132
N16490 X437.67 Y248.706
N16495 X437.802 Y248.29
N16500 X437.968 Y247.887
N16505 X438.17 Y247.5
N16510 X438.404 Y247.132
N16515 X438.67 Y246.786
N16520 X438.964 Y246.464
N16525 X439.286 Y246.17
N16530 X439.632 Y245.904
N16535 X440. Y245.67
N16540 X440.387 Y245.468
N16545 X440.79 Y245.302
N16550 X441.206 Y245.17
N16555 X441.632 Y245.076
N16560 X442.064 Y245.019
N16565 X442.5 Y245.
N16570 X477.5
N16575 X477.936 Y245.019
N16580 X478.368 Y245.076
N16585 X478.794 Y245.17
N16590 X479.21 Y245.302
N16595 X479.613 Y245.468
N16600 X480. Y245.67
N16605 X480.368 Y245.904
N16610 X480.714 Y246.17
N16615 X481.036 Y246.464
N16620 X481.33 Y246.786
N16625 X481.596 Y247.132
N16630 X481.83 Y247.5
N16635 X482.032 Y247.887

N16640 G00 Z10.
N16645 X536.83 Y247.5
N16650 Z0.

N16655 G01 X537.032 Y247.887
N16660 X537.198 Y248.29
N16665 X537.33 Y248.706
N16670 X537.424 Y249.132
N16675 X537.481 Y249.564
N16680 X537.5 Y250.
N16685 Y285.
N16690 X537.481 Y285.436
N16695 X537.424 Y285.868
N16700 X537.33 Y286.294
N16705 X537.198 Y286.71
N16710 X537.032 Y287.113
N16715 X536.83 Y287.5
N16720 X536.596 Y287.868
N16725 X536.33 Y288.214
N16730 X536.036 Y288.536
N16735 X535.714 Y288.83
N16740 X535.368 Y289.096
N16745 X535. Y289.33
N16750 X534.613 Y289.532
N16755 X534.21 Y289.698
N16760 X533.794 Y289.83
N16765 X533.368 Y289.924
N16770 X532.936 Y289.981
N16775 X532.5 Y290.
N16780 X497.5
N16785 X497.064 Y289.981
N16790 X496.632 Y289.924
N16795 X496.206 Y289.83
N16800 X495.79 Y289.698
N16805 X495.387 Y289.532
N16810 X495. Y289.33
N16815 X494.632 Y289.096
N16820 X494.286 Y288.83
N16825 X493.964 Y288.536
N16830 X493.67 Y288.214
N16835 X493.404 Y287.868
N16840 X493.17 Y287.5
N16845 X492.968 Y287.113
N16850 X492.802 Y286.71
N16855 X492.67 Y286.294
N16860 X492.576 Y285.868
N16865 X492.519 Y285.436
N16870 X492.5 Y285.
N16875 Y250.
N16880 X492.519 Y249.564
N16885 X492.576 Y249.132
N16890 X492.67 Y248.706
N16895 X492.802 Y248.29
N16900 X492.968 Y247.887
N16905 X493.17 Y247.5
N16910 X493.404 Y247.132
N16915 X493.67 Y246.786
N16920 X493.964 Y246.464
N16925 X494.286 Y246.17
N16930 X494.632 Y245.904
N16935 X495. Y245.67
N16940 X495.387 Y245.468
N16945 X495.79 Y245.302
N16950 X496.206 Y245.17
N16955 X496.632 Y245.076
N16960 X497.064 Y245.019
N16965 X497.5 Y245.
N16970 X532.5
N16975 X532.936 Y245.019
N16980 X533.368 Y245.076
N16985 X533.794 Y245.17
N16990 X534.21 Y245.302
N16995 X534.613 Y245.468
N17000 X535. Y245.67
N17005 X535.368 Y245.904
N17010 X535.714 Y246.17
N17015 X536.036 Y246.464
N17020 X536.33 Y246.786
N17025 X536.596 Y247.132
N17030 X536.83 Y247.5

N17035 G00 Z10.
N17040 X591.596 Y247.132
N17045 Z0.

N17050 G01 X591.83 Y247.5
N17055 X592.032 Y247.887
N17060 X592.198 Y248.29
N17065 X592.33 Y248.706
N17070 X592.424 Y249.132
N17075 X592.481 Y249.564
N17080 X592.5 Y250.
N17085 Y285.
N17090 X592.481 Y285.436
N17095 X592.424 Y285.868
N17100 X592.33 Y286.294
N17105 X592.198 Y286.71
N17110 X592.032 Y287.113
N17115 X591.83 Y287.5
N17120 X591.596 Y287.868
N17125 X591.33 Y288.214
N17130 X591.036 Y288.536
N17135 X590.714 Y288.83
N17140 X590.368 Y289.096
N17145 X590. Y289.33
N17150 X589.613 Y289.532
N17155 X589.21 Y289.698
N17160 X588.794 Y289.83
N17165 X588.368 Y289.924
N17170 X587.936 Y289.981
N17175 X587.5 Y290.
N17180 X552.5
N17185 X552.064 Y289.981
N17190 X551.632 Y289.924
N17195 X551.206 Y289.83
N17200 X550.79 Y289.698
N17205 X550.387 Y289.532
N17210 X550. Y289.33
N17215 X549.632 Y289.096
N17220 X549.286 Y288.83
N17225 X548.964 Y288.536
N17230 X548.67 Y288.214
N17235 X548.404 Y287.868
N17240 X548.17 Y287.5
N17245 X547.968 Y287.113
N17250 X547.802 Y286.71
N17255 X547.67 Y286.294
N17260 X547.576 Y285.868
N17265 X547.519 Y285.436
N17270 X547.5 Y285.
N17275 Y250.
N17280 X547.519 Y249.564
N17285 X547.576 Y249.132
N17290 X547.67 Y248.706
N17295 X547.802 Y248.29
N17300 X547.968 Y247.887
N17305 X548.17 Y247.5
N17310 X548.404 Y247.132
N17315 X548.67 Y246.786
N17320 X548.964 Y246.464
N17325 X549.286 Y246.17
N17330 X549.632 Y245.904
N17335 X550. Y245.67
N17340 X550.387 Y245.468
N17345 X550.79 Y245.302
N17350 X551.206 Y245.17
N17355 X551.632 Y245.076
N17360 X552.064 Y245.019
N17365 X552.5 Y245.
N17370 X587.5
N17375 X587.936 Y245.019
N17380 X588.368 Y245.076
N17385 X588.794 Y245.17
N17390 X589.21 Y245.302
N17395 X589.613 Y245.468
N17400 X590. Y245.67
N17405 X590.368 Y245.904
N17410 X590.714 Y246.17
N17415 X591.036 Y246.464
N17420 X591.33 Y246.786
N17425 X591.596 Y247.132

N17430 G00 Z10.
N17435 X646.036 Y246.464
N17440 Z0.

N17445 G01 X646.33 Y246.786
N17450 X646.596 Y247.132
N17455 X646.83 Y247.5
N17460 X647.032 Y247.887
N17465 X647.198 Y248.29
N17470 X647.33 Y248.706
N17475 X647.424 Y249.132
N17480 X647.481 Y249.564
N17485 X647.5 Y250.
N17490 Y285.
N17495 X647.481 Y285.436
N17500 X647.424 Y285.868
N17505 X647.33 Y286.294
N17510 X647.198 Y286.71
N17515 X647.032 Y287.113
N17520 X646.83 Y287.5
N17525 X646.596 Y287.868
N17530 X646.33 Y288.214
N17535 X646.036 Y288.536
N17540 X645.714 Y288.83
N17545 X645.368 Y289.096
N17550 X645. Y289.33
N17555 X644.613 Y289.532
N17560 X644.21 Y289.698
N17565 X643.794 Y289.83
N17570 X643.368 Y289.924
N17575 X642.936 Y289.981
N17580 X642.5 Y290.
N17585 X607.5
N17590 X607.064 Y289.981
N17595 X606.632 Y289.924
N17600 X606.206 Y289.83
N17605 X605.79 Y289.698
N17610 X605.387 Y289.532
N17615 X605. Y289.33
N17620 X604.632 Y289.096
N17625 X604.286 Y288.83
N17630 X603.964 Y288.536
N17635 X603.67 Y288.214
N17640 X603.404 Y287.868
N17645 X603.17 Y287.5
N17650 X602.968 Y287.113
N17655 X602.802 Y286.71
N17660 X602.67 Y286.294
N17665 X602.576 Y285.868
N17670 X602.519 Y285.436
N17675 X602.5 Y285.
N17680 Y250.
N17685 X602.519 Y249.564
N17690 X602.576 Y249.132
N17695 X602.67 Y248.706
N17700 X602.802 Y248.29
N17705 X602.968 Y247.887
N17710 X603.17 Y247.5
N17715 X603.404 Y247.132
N17720 X603.67 Y246.786
N17725 X603.964 Y246.464
N17730 X604.286 Y246.17
N17735 X604.632 Y245.904
N17740 X605. Y245.67
N17745 X605.387 Y245.468
N17750 X605.79 Y245.302
N17755 X606.206 Y245.17
N17760 X606.632 Y245.076
N17765 X607.064 Y245.019
N17770 X607.5 Y245.
N17775 X642.5
N17780 X642.936 Y245.019
N17785 X643.368 Y245.076
N17790 X643.794 Y245.17
N17795 X644.21 Y245.302
N17800 X644.613 Y245.468
N17805 X645. Y245.67
N17810 X645.368 Y245.904
N17815 X645.714 Y246.17
N17820 X646.036 Y246.464

N17825 G00 Z10.
N17830 X700.368 Y245.904
N17835 Z0.

N17840 G01 X700.714 Y246.17
N17845 X701.036 Y246.464
N17850 X701.33 Y246.786
N17855 X701.596 Y247.132
N17860 X701.83 Y247.5
N17865 X702.032 Y247.887
N17870 X702.198 Y248.29
N17875 X702.33 Y248.706
N17880 X702.424 Y249.132
N17885 X702.481 Y249.564
N17890 X702.5 Y250.
N17895 Y285.
N17900 X702.481 Y285.436
N17905 X702.424 Y285.868
N17910 X702.33 Y286.294
N17915 X702.198 Y286.71
N17920 X702.032 Y287.113
N17925 X701.83 Y287.5
N17930 X701.596 Y287.868
N17935 X701.33 Y288.214
N17940 X701.036 Y288.536
N17945 X700.714 Y288.83
N17950 X700.368 Y289.096
N17955 X700. Y289.33
N17960 X699.613 Y289.532
N17965 X699.21 Y289.698
N17970 X698.794 Y289.83
N17975 X698.368 Y289.924
N17980 X697.936 Y289.981
N17985 X697.5 Y290.
N17990 X662.5
N17995 X662.064 Y289.981
N18000 X661.632 Y289.924
N18005 X661.206 Y289.83
N18010 X660.79 Y289.698
N18015 X660.387 Y289.532
N18020 X660. Y289.33
N18025 X659.632 Y289.096
N18030 X659.286 Y288.83
N18035 X658.964 Y288.536
N18040 X658.67 Y288.214
N18045 X658.404 Y287.868
N18050 X658.17 Y287.5
N18055 X657.968 Y287.113
N18060 X657.802 Y286.71
N18065 X657.67 Y286.294
N18070 X657.576 Y285.868
N18075 X657.519 Y285.436
N18080 X657.5 Y285.
N18085 Y250.
N18090 X657.519 Y249.564
N18095 X657.576 Y249.132
N18100 X657.67 Y248.706
N18105 X657.802 Y248.29
N18110 X657.968 Y247.887
N18115 X658.17 Y247.5
N18120 X658.404 Y247.132
N18125 X658.67 Y246.786
N18130 X658.964 Y246.464
N18135 X659.286 Y246.17
N18140 X659.632 Y245.904
N18145 X660. Y245.67
N18150 X660.387 Y245.468
N18155 X660.79 Y245.302
N18160 X661.206 Y245.17
N18165 X661.632 Y245.076
N18170 X662.064 Y245.019
N18175 X662.5 Y245.
N18180 X697.5
N18185 X697.936 Y245.019
N18190 X698.368 Y245.076
N18195 X698.794 Y245.17
N18200 X699.21 Y245.302
N18205 X699.613 Y245.468
N18210 X700. Y245.67
N18215 X700.368 Y245.904

N18220 G00 Z10.
N18225 X754.613 Y245.468
N18230 Z0.

N18235 G01 X755. Y245.67
N18240 X755.368 Y245.904
N18245 X755.714 Y246.17
N18250 X756.036 Y246.464
N18255 X756.33 Y246.786
N18260 X756.596 Y247.132
N18265 X756.83 Y247.5
N18270 X757.032 Y247.887
N18275 X757.198 Y248.29
N18280 X757.33 Y248.706
N18285 X757.424 Y249.132
N18290 X757.481 Y249.564
N18295 X757.5 Y250.
N18300 Y285.
N18305 X757.481 Y285.436
N18310 X757.424 Y285.868
N18315 X757.33 Y286.294
N18320 X757.198 Y286.71
N18325 X757.032 Y287.113
N18330 X756.83 Y287.5
N18335 X756.596 Y287.868
N18340 X756.33 Y288.214
N18345 X756.036 Y288.536
N18350 X755.714 Y288.83
N18355 X755.368 Y289.096
N18360 X755. Y289.33
N18365 X754.613 Y289.532
N18370 X754.21 Y289.698
N18375 X753.794 Y289.83
N18380 X753.368 Y289.924
N18385 X752.936 Y289.981
N18390 X752.5 Y290.
N18395 X717.5
N18400 X717.064 Y289.981
N18405 X716.632 Y289.924
N18410 X716.206 Y289.83
N18415 X715.79 Y289.698
N18420 X715.387 Y289.532
N18425 X715. Y289.33
N18430 X714.632 Y289.096
N18435 X714.286 Y288.83
N18440 X713.964 Y288.536
N18445 X713.67 Y288.214
N18450 X713.404 Y287.868
N18455 X713.17 Y287.5
N18460 X712.968 Y287.113
N18465 X712.802 Y286.71
N18470 X712.67 Y286.294
N18475 X712.576 Y285.868
N18480 X712.519 Y285.436
N18485 X712.5 Y285.
N18490 Y250.
N18495 X712.519 Y249.564
N18500 X712.576 Y249.132
N18505 X712.67 Y248.706
N18510 X712.802 Y248.29
N18515 X712.968 Y247.887
N18520 X713.17 Y247.5
N18525 X713.404 Y247.132
N18530 X713.67 Y246.786
N18535 X713.964 Y246.464
N18540 X714.286 Y246.17
N18545 X714.632 Y245.904
N18550 X715. Y245.67
N18555 X715.387 Y245.468
N18560 X715.79 Y245.302
N18565 X716.206 Y245.17
N18570 X716.632 Y245.076
N18575 X717.064 Y245.019
N18580 X717.5 Y245.
N18585 X752.5
N18590 X752.936 Y245.019
N18595 X753.368 Y245.076
N18600 X753.794 Y245.17
N18605 X754.21 Y245.302
N18610 X754.613 Y245.468

N18615 G00 Z10.
N18620 X822.936 Y245.019
N18625 Z0.

N18630 G01 X823.368 Y245.076
N18635 X823.794 Y245.17
N18640 X824.21 Y245.302
N18645 X824.613 Y245.468
N18650 X825. Y245.67
N18655 X825.368 Y245.904
N18660 X825.714 Y246.17
N18665 X826.036 Y246.464
N18670 X826.33 Y246.786
N18675 X826.596 Y247.132
N18680 X826.83 Y247.5
N18685 X827.032 Y247.887
N18690 X827.198 Y248.29
N18695 X827.33 Y248.706
N18700 X827.424 Y249.132
N18705 X827.481 Y249.564
N18710 X827.5 Y250.
N18715 Y285.
N18720 X827.481 Y285.436
N18725 X827.424 Y285.868
N18730 X827.33 Y286.294
N18735 X827.198 Y286.71
N18740 X827.032 Y287.113
N18745 X826.83 Y287.5
N18750 X826.596 Y287.868
N18755 X826.33 Y288.214
N18760 X826.036 Y288.536
N18765 X825.714 Y288.83
N18770 X825.368 Y289.096
N18775 X825. Y289.33
N18780 X824.613 Y289.532
N18785 X824.21 Y289.698
N18790 X823.794 Y289.83
N18795 X823.368 Y289.924
N18800 X822.936 Y289.981
N18805 X822.5 Y290.
N18810 X772.5
N18815 X772.064 Y289.981
N18820 X771.632 Y289.924
N18825 X771.206 Y289.83
N18830 X770.79 Y289.698
N18835 X770.387 Y289.532
N18840 X770. Y289.33
N18845 X769.632 Y289.096
N18850 X769.286 Y288.83
N18855 X768.964 Y288.536
N18860 X768.67 Y288.214
N18865 X768.404 Y287.868
N18870 X768.17 Y287.5
N18875 X767.968 Y287.113
N18880 X767.802 Y286.71
N18885 X767.67 Y286.294
N18890 X767.576 Y285.868
N18895 X767.519 Y285.436
N18900 X767.5 Y285.
N18905 Y250.
N18910 X767.519 Y249.564
N18915 X767.576 Y249.132
N18920 X767.67 Y248.706
N18925 X767.802 Y248.29
N18930 X767.968 Y247.887
N18935 X768.17 Y247.5
N18940 X768.404 Y247.132
N18945 X768.67 Y246.786
N18950 X768.964 Y246.464
N18955 X769.286 Y246.17
N18960 X769.632 Y245.904
N18965 X770. Y245.67
N18970 X770.387 Y245.468
N18975 X770.79 Y245.302
N18980 X771.206 Y245.17
N18985 X771.632 Y245.076
N18990 X772.064 Y245.019
N18995 X772.5 Y245.
N19000 X822.5
N19005 X822.936 Y245.019

N19010 G00 Z10.
N19015 X822.5 Y300.
N19020 Z0.

N19025 G01 X822.936 Y300.019
N19030 X823.368 Y300.076
N19035 X823.794 Y300.17
N19040 X824.21 Y300.302
N19045 X824.613 Y300.468
N19050 X825. Y300.67
N19055 X825.368 Y300.904
N19060 X825.714 Y301.17
N19065 X826.036 Y301.464
N19070 X826.33 Y301.786
N19075 X826.596 Y302.132
N19080 X826.83 Y302.5
N19085 X827.032 Y302.887
N19090 X827.198 Y303.29
N19095 X827.33 Y303.706
N19100 X827.424 Y304.132
N19105 X827.481 Y304.564
N19110 X827.5 Y305.
N19115 Y340.
N19120 X827.481 Y340.436
N19125 X827.424 Y340.868
N19130 X827.33 Y341.294
N19135 X827.198 Y341.71
N19140 X827.032 Y342.113
N19145 X826.83 Y342.5
N19150 X826.596 Y342.868
N19155 X826.33 Y343.214
N19160 X826.036 Y343.536
N19165 X825.714 Y343.83
N19170 X825.368 Y344.096
N19175 X825. Y344.33
N19180 X824.613 Y344.532
N19185 X824.21 Y344.698
N19190 X823.794 Y344.83
N19195 X823.368 Y344.924
N19200 X822.936 Y344.981
N19205 X822.5 Y345.
N19210 X742.5
N19215 X742.064 Y344.981
N19220 X741.632 Y344.924
N19225 X741.206 Y344.83
N19230 X740.79 Y344.698
N19235 X740.387 Y344.532
N19240 X740. Y344.33
N19245 X739.632 Y344.096
N19250 X739.286 Y343.83
N19255 X738.964 Y343.536
N19260 X738.67 Y343.214
N19265 X738.404 Y342.868
N19270 X738.17 Y342.5
N19275 X737.968 Y342.113
N19280 X737.802 Y341.71
N19285 X737.67 Y341.294
N19290 X737.576 Y340.868
N19295 X737.519 Y340.436
N19300 X737.5 Y340.
N19305 Y305.
N19310 X737.519 Y304.564
N19315 X737.576 Y304.132
N19320 X737.67 Y303.706
N19325 X737.802 Y303.29
N19330 X737.968 Y302.887
N19335 X738.17 Y302.5
N19340 X738.404 Y302.132
N19345 X738.67 Y301.786
N19350 X738.964 Y301.464
N19355 X739.286 Y301.17
N19360 X739.632 Y300.904
N19365 X740. Y300.67
N19370 X740.387 Y300.468
N19375 X740.79 Y300.302
N19380 X741.206 Y300.17
N19385 X741.632 Y300.076
N19390 X742.064 Y300.019
N19395 X742.5 Y300.
N19400 X822.5

N19405 G00 Z10.
N19410 X724.613 Y300.468
N19415 Z0.

N19420 G01 X725. Y300.67
N19425 X725.368 Y300.904
N19430 X725.714 Y301.17
N19435 X726.036 Y301.464
N19440 X726.33 Y301.786
N19445 X726.596 Y302.132
N19450 X726.83 Y302.5
N19455 X727.032 Y302.887
N19460 X727.198 Y303.29
N19465 X727.33 Y303.706
N19470 X727.424 Y304.132
N19475 X727.481 Y304.564
N19480 X727.5 Y305.
N19485 Y340.
N19490 X727.481 Y340.436
N19495 X727.424 Y340.868
N19500 X727.33 Y341.294
N19505 X727.198 Y341.71
N19510 X727.032 Y342.113
N19515 X726.83 Y342.5
N19520 X726.596 Y342.868
N19525 X726.33 Y343.214
N19530 X726.036 Y343.536
N19535 X725.714 Y343.83
N19540 X725.368 Y344.096
N19545 X725. Y344.33
N19550 X724.613 Y344.532
N19555 X724.21 Y344.698
N19560 X723.794 Y344.83
N19565 X723.368 Y344.924
N19570 X722.936 Y344.981
N19575 X722.5 Y345.
N19580 X687.5
N19585 X687.064 Y344.981
N19590 X686.632 Y344.924
N19595 X686.206 Y344.83
N19600 X685.79 Y344.698
N19605 X685.387 Y344.532
N19610 X685. Y344.33
N19615 X684.632 Y344.096
N19620 X684.286 Y343.83
N19625 X683.964 Y343.536
N19630 X683.67 Y343.214
N19635 X683.404 Y342.868
N19640 X683.17 Y342.5
N19645 X682.968 Y342.113
N19650 X682.802 Y341.71
N19655 X682.67 Y341.294
N19660 X682.576 Y340.868
N19665 X682.519 Y340.436
N19670 X682.5 Y340.
N19675 Y305.
N19680 X682.519 Y304.564
N19685 X682.576 Y304.132
N19690 X682.67 Y303.706
N19695 X682.802 Y303.29
N19700 X682.968 Y302.887
N19705 X683.17 Y302.5
N19710 X683.404 Y302.132
N19715 X683.67 Y301.786
N19720 X683.964 Y301.464
N19725 X684.286 Y301.17
N19730 X684.632 Y300.904
N19735 X685. Y300.67
N19740 X685.387 Y300.468
N19745 X685.79 Y300.302
N19750 X686.206 Y300.17
N19755 X686.632 Y300.076
N19760 X687.064 Y300.019
N19765 X687.5 Y300.
N19770 X722.5
N19775 X722.936 Y300.019
N19780 X723.368 Y300.076
N19785 X723.794 Y300.17
N19790 X724.21 Y300.302
N19795 X724.613 Y300.468

N19800 G00 Z10.
N19805 X670.368 Y300.904
N19810 Z0.

N19815 G01 X670.714 Y301.17
N19820 X671.036 Y301.464
N19825 X671.33 Y301.786
N19830 X671.596 Y302.132
N19835 X671.83 Y302.5
N19840 X672.032 Y302.887
N19845 X672.198 Y303.29
N19850 X672.33 Y303.706
N19855 X672.424 Y304.132
N19860 X672.481 Y304.564
N19865 X672.5 Y305.
N19870 Y340.
N19875 X672.481 Y340.436
N19880 X672.424 Y340.868
N19885 X672.33 Y341.294
N19890 X672.198 Y341.71
N19895 X672.032 Y342.113
N19900 X671.83 Y342.5
N19905 X671.596 Y342.868
N19910 X671.33 Y343.214
N19915 X671.036 Y343.536
N19920 X670.714 Y343.83
N19925 X670.368 Y344.096
N19930 X670. Y344.33
N19935 X669.613 Y344.532
N19940 X669.21 Y344.698
N19945 X668.794 Y344.83
N19950 X668.368 Y344.924
N19955 X667.936 Y344.981
N19960 X667.5 Y345.
N19965 X632.5
N19970 X632.064 Y344.981
N19975 X631.632 Y344.924
N19980 X631.206 Y344.83
N19985 X630.79 Y344.698
N19990 X630.387 Y344.532
N19995 X630. Y344.33
N20000 X629.632 Y344.096
N20005 X629.286 Y343.83
N20010 X628.964 Y343.536
N20015 X628.67 Y343.214
N20020 X628.404 Y342.868
N20025 X628.17 Y342.5
N20030 X627.968 Y342.113
N20035 X627.802 Y341.71
N20040 X627.67 Y341.294
N20045 X627.576 Y340.868
N20050 X627.519 Y340.436
N20055 X627.5 Y340.
N20060 Y305.
N20065 X627.519 Y304.564
N20070 X627.576 Y304.132
N20075 X627.67 Y303.706
N20080 X627.802 Y303.29
N20085 X627.968 Y302.887
N20090 X628.17 Y302.5
N20095 X628.404 Y302.132
N20100 X628.67 Y301.786
N20105 X628.964 Y301.464
N20110 X629.286 Y301.17
N20115 X629.632 Y300.904
N20120 X630. Y300.67
N20125 X630.387 Y300.468
N20130 X630.79 Y300.302
N20135 X631.206 Y300.17
N20140 X631.632 Y300.076
N20145 X632.064 Y300.019
N20150 X632.5 Y300.
N20155 X667.5
N20160 X667.936 Y300.019
N20165 X668.368 Y300.076
N20170 X668.794 Y300.17
N20175 X669.21 Y300.302
N20180 X669.613 Y300.468
N20185 X670. Y300.67
N20190 X670.368 Y300.904

N20195 G00 Z10.
N20200 X616.036 Y301.464
N20205 Z0.

N20210 G01 X616.33 Y301.786
N20215 X616.596 Y302.132
N20220 X616.83 Y302.5
N20225 X617.032 Y302.887
N20230 X617.198 Y303.29
N20235 X617.33 Y303.706
N20240 X617.424 Y304.132
N20245 X617.481 Y304.564
N20250 X617.5 Y305.
N20255 Y340.
N20260 X617.481 Y340.436
N20265 X617.424 Y340.868
N20270 X617.33 Y341.294
N20275 X617.198 Y341.71
N20280 X617.032 Y342.113
N20285 X616.83 Y342.5
N20290 X616.596 Y342.868
N20295 X616.33 Y343.214
N20300 X616.036 Y343.536
N20305 X615.714 Y343.83
N20310 X615.368 Y344.096
N20315 X615. Y344.33
N20320 X614.613 Y344.532
N20325 X614.21 Y344.698
N20330 X613.794 Y344.83
N20335 X613.368 Y344.924
N20340 X612.936 Y344.981
N20345 X612.5 Y345.
N20350 X577.5
N20355 X577.064 Y344.981
N20360 X576.632 Y344.924
N20365 X576.206 Y344.83
N20370 X575.79 Y344.698
N20375 X575.387 Y344.532
N20380 X575. Y344.33
N20385 X574.632 Y344.096
N20390 X574.286 Y343.83
N20395 X573.964 Y343.536
N20400 X573.67 Y343.214
N20405 X573.404 Y342.868
N20410 X573.17 Y342.5
N20415 X572.968 Y342.113
N20420 X572.802 Y341.71
N20425 X572.67 Y341.294
N20430 X572.576 Y340.868
N20435 X572.519 Y340.436
N20440 X572.5 Y340.
N20445 Y305.
N20450 X572.519 Y304.564
N20455 X572.576 Y304.132
N20460 X572.67 Y303.706
N20465 X572.802 Y303.29
N20470 X572.968 Y302.887
N20475 X573.17 Y302.5
N20480 X573.404 Y302.132
N20485 X573.67 Y301.786
N20490 X573.964 Y301.464
N20495 X574.286 Y301.17
N20500 X574.632 Y300.904
N20505 X575. Y300.67
N20510 X575.387 Y300.468
N20515 X575.79 Y300.302
N20520 X576.206 Y300.17
N20525 X576.632 Y300.076
N20530 X577.064 Y300.019
N20535 X577.5 Y300.
N20540 X612.5
N20545 X612.936 Y300.019
N20550 X613.368 Y300.076
N20555 X613.794 Y300.17
N20560 X614.21 Y300.302
N20565 X614.613 Y300.468
N20570 X615. Y300.67
N20575 X615.368 Y300.904
N20580 X615.714 Y301.17
N20585 X616.036 Y301.464

N20590 G00 Z10.
N20595 X561.33 Y301.786
N20600 Z0.

N20605 G01 X561.596 Y302.132
N20610 X561.83 Y302.5
N20615 X562.032 Y302.887
N20620 X562.198 Y303.29
N20625 X562.33 Y303.706
N20630 X562.424 Y304.132
N20635 X562.481 Y304.564
N20640 X562.5 Y305.
N20645 Y340.
N20650 X562.481 Y340.436
N20655 X562.424 Y340.868
N20660 X562.33 Y341.294
N20665 X562.198 Y341.71
N20670 X562.032 Y342.113
N20675 X561.83 Y342.5
N20680 X561.596 Y342.868
N20685 X561.33 Y343.214
N20690 X561.036 Y343.536
N20695 X560.714 Y343.83
N20700 X560.368 Y344.096
N20705 X560. Y344.33
N20710 X559.613 Y344.532
N20715 X559.21 Y344.698
N20720 X558.794 Y344.83
N20725 X558.368 Y344.924
N20730 X557.936 Y344.981
N20735 X557.5 Y345.
N20740 X522.5
N20745 X522.064 Y344.981
N20750 X521.632 Y344.924
N20755 X521.206 Y344.83
N20760 X520.79 Y344.698
N20765 X520.387 Y344.532
N20770 X520. Y344.33
N20775 X519.632 Y344.096
N20780 X519.286 Y343.83
N20785 X518.964 Y343.536
N20790 X518.67 Y343.214
N20795 X518.404 Y342.868
N20800 X518.17 Y342.5
N20805 X517.968 Y342.113
N20810 X517.802 Y341.71
N20815 X517.67 Y341.294
N20820 X517.576 Y340.868
N20825 X517.519 Y340.436
N20830 X517.5 Y340.
N20835 Y305.
N20840 X517.519 Y304.564
N20845 X517.576 Y304.132
N20850 X517.67 Y303.706
N20855 X517.802 Y303.29
N20860 X517.968 Y302.887
N20865 X518.17 Y302.5
N20870 X518.404 Y302.132
N20875 X518.67 Y301.786
N20880 X518.964 Y301.464
N20885 X519.286 Y301.17
N20890 X519.632 Y300.904
N20895 X520. Y300.67
N20900 X520.387 Y300.468
N20905 X520.79 Y300.302
N20910 X521.206 Y300.17
N20915 X521.632 Y300.076
N20920 X522.064 Y300.019
N20925 X522.5 Y300.
N20930 X557.5
N20935 X557.936 Y300.019
N20940 X558.368 Y300.076
N20945 X558.794 Y300.17
N20950 X559.21 Y300.302
N20955 X559.613 Y300.468
N20960 X560. Y300.67
N20965 X560.368 Y300.904
N20970 X560.714 Y301.17
N20975 X561.036 Y301.464
N20980 X561.33 Y301.786

N20985 G00 Z10.
N20990 X506.596 Y302.132
N20995 Z0.

N21000 G01 X506.83 Y302.5
N21005 X507.032 Y302.887
N21010 X507.198 Y303.29
N21015 X507.33 Y303.706
N21020 X507.424 Y304.132
N21025 X507.481 Y304.564
N21030 X507.5 Y305.
N21035 Y340.
N21040 X507.481 Y340.436
N21045 X507.424 Y340.868
N21050 X507.33 Y341.294
N21055 X507.198 Y341.71
N21060 X507.032 Y342.113
N21065 X506.83 Y342.5
N21070 X506.596 Y342.868
N21075 X506.33 Y343.214
N21080 X506.036 Y343.536
N21085 X505.714 Y343.83
N21090 X505.368 Y344.096
N21095 X505. Y344.33
N21100 X504.613 Y344.532
N21105 X504.21 Y344.698
N21110 X503.794 Y344.83
N21115 X503.368 Y344.924
N21120 X502.936 Y344.981
N21125 X502.5 Y345.
N21130 X467.5
N21135 X467.064 Y344.981
N21140 X466.632 Y344.924
N21145 X466.206 Y344.83
N21150 X465.79 Y344.698
N21155 X465.387 Y344.532
N21160 X465. Y344.33
N21165 X464.632 Y344.096
N21170 X464.286 Y343.83
N21175 X463.964 Y343.536
N21180 X463.67 Y343.214
N21185 X463.404 Y342.868
N21190 X463.17 Y342.5
N21195 X462.968 Y342.113
N21200 X462.802 Y341.71
N21205 X462.67 Y341.294
N21210 X462.576 Y340.868
N21215 X462.519 Y340.436
N21220 X462.5 Y340.
N21225 Y305.
N21230 X462.519 Y304.564
N21235 X462.576 Y304.132
N21240 X462.67 Y303.706
N21245 X462.802 Y303.29
N21250 X462.968 Y302.887
N21255 X463.17 Y302.5
N21260 X463.404 Y302.132
N21265 X463.67 Y301.786
N21270 X463.964 Y301.464
N21275 X464.286 Y301.17
N21280 X464.632 Y300.904
N21285 X465. Y300.67
N21290 X465.387 Y300.468
N21295 X465.79 Y300.302
N21300 X466.206 Y300.17
N21305 X466.632 Y300.076
N21310 X467.064 Y300.019
N21315 X467.5 Y300.
N21320 X502.5
N21325 X502.936 Y300.019
N21330 X503.368 Y300.076
N21335 X503.794 Y300.17
N21340 X504.21 Y300.302
N21345 X504.613 Y300.468
N21350 X505. Y300.67
N21355 X505.368 Y300.904
N21360 X505.714 Y301.17
N21365 X506.036 Y301.464
N21370 X506.33 Y301.786
N21375 X506.596 Y302.132

N21380 G00 Z10.
N21385 X451.83 Y302.5
N21390 Z0.

N21395 G01 X452.032 Y302.887
N21400 X452.198 Y303.29
N21405 X452.33 Y303.706
N21410 X452.424 Y304.132
N21415 X452.481 Y304.564
N21420 X452.5 Y305.
N21425 Y340.
N21430 X452.481 Y340.436
N21435 X452.424 Y340.868
N21440 X452.33 Y341.294
N21445 X452.198 Y341.71
N21450 X452.032 Y342.113
N21455 X451.83 Y342.5
N21460 X451.596 Y342.868
N21465 X451.33 Y343.214
N21470 X451.036 Y343.536
N21475 X450.714 Y343.83
N21480 X450.368 Y344.096
N21485 X450. Y344.33
N21490 X449.613 Y344.532
N21495 X449.21 Y344.698
N21500 X448.794 Y344.83
N21505 X448.368 Y344.924
N21510 X447.936 Y344.981
N21515 X447.5 Y345.
N21520 X412.5
N21525 X412.064 Y344.981
N21530 X411.632 Y344.924
N21535 X411.206 Y344.83
N21540 X410.79 Y344.698
N21545 X410.387 Y344.532
N21550 X410. Y344.33
N21555 X409.632 Y344.096
N21560 X409.286 Y343.83
N21565 X408.964 Y343.536
N21570 X408.67 Y343.214
N21575 X408.404 Y342.868
N21580 X408.17 Y342.5
N21585 X407.968 Y342.113
N21590 X407.802 Y341.71
N21595 X407.67 Y341.294
N21600 X407.576 Y340.868
N21605 X407.519 Y340.436
N21610 X407.5 Y340.
N21615 Y305.
N21620 X407.519 Y304.564
N21625 X407.576 Y304.132
N21630 X407.67 Y303.706
N21635 X407.802 Y303.29
N21640 X407.968 Y302.887
N21645 X408.17 Y302.5
N21650 X408.404 Y302.132
N21655 X408.67 Y301.786
N21660 X408.964 Y301.464
N21665 X409.286 Y301.17
N21670 X409.632 Y300.904
N21675 X410. Y300.67
N21680 X410.387 Y300.468
N21685 X410.79 Y300.302
N21690 X411.206 Y300.17
N21695 X411.632 Y300.076
N21700 X412.064 Y300.019
N21705 X412.5 Y300.
N21710 X447.5
N21715 X447.936 Y300.019
N21720 X448.368 Y300.076
N21725 X448.794 Y300.17
N21730 X449.21 Y300.302
N21735 X449.613 Y300.468
N21740 X450. Y300.67
N21745 X450.368 Y300.904
N21750 X450.714 Y301.17
N21755 X451.036 Y301.464
N21760 X451.33 Y301.786
N21765 X451.596 Y302.132
N21770 X451.83 Y302.5

N21775 G00 Z10.
N21780 X396.83
N21785 Z0.

N21790 G01 X397.032 Y302.887
N21795 X397.198 Y303.29
N21800 X397.33 Y303.706
N21805 X397.424 Y304.132
N21810 X397.481 Y304.564
N21815 X397.5 Y305.
N21820 Y340.
N21825 X397.481 Y340.436
N21830 X397.424 Y340.868
N21835 X397.33 Y341.294
N21840 X397.198 Y341.71
N21845 X397.032 Y342.113
N21850 X396.83 Y342.5
N21855 X396.596 Y342.868
N21860 X396.33 Y343.214
N21865 X396.036 Y343.536
N21870 X395.714 Y343.83
N21875 X395.368 Y344.096
N21880 X395. Y344.33
N21885 X394.613 Y344.532
N21890 X394.21 Y344.698
N21895 X393.794 Y344.83
N21900 X393.368 Y344.924
N21905 X392.936 Y344.981
N21910 X392.5 Y345.
N21915 X357.5
N21920 X357.064 Y344.981
N21925 X356.632 Y344.924
N21930 X356.206 Y344.83
N21935 X355.79 Y344.698
N21940 X355.387 Y344.532
N21945 X355. Y344.33
N21950 X354.632 Y344.096
N21955 X354.286 Y343.83
N21960 X353.964 Y343.536
N21965 X353.67 Y343.214
N21970 X353.404 Y342.868
N21975 X353.17 Y342.5
N21980 X352.968 Y342.113
N21985 X352.802 Y341.71
N21990 X352.67 Y341.294
N21995 X352.576 Y340.868
N22000 X352.519 Y340.436
N22005 X352.5 Y340.
N22010 Y305.
N22015 X352.519 Y304.564
N22020 X352.576 Y304.132
N22025 X352.67 Y303.706
N22030 X352.802 Y303.29
N22035 X352.968 Y302.887
N22040 X353.17 Y302.5
N22045 X353.404 Y302.132
N22050 X353.67 Y301.786
N22055 X353.964 Y301.464
N22060 X354.286 Y301.17
N22065 X354.632 Y300.904
N22070 X355. Y300.67
N22075 X355.387 Y300.468
N22080 X355.79 Y300.302
N22085 X356.206 Y300.17
N22090 X356.632 Y300.076
N22095 X357.064 Y300.019
N22100 X357.5 Y300.
N22105 X392.5
N22110 X392.936 Y300.019
N22115 X393.368 Y300.076
N22120 X393.794 Y300.17
N22125 X394.21 Y300.302
N22130 X394.613 Y300.468
N22135 X395. Y300.67
N22140 X395.368 Y300.904
N22145 X395.714 Y301.17
N22150 X396.036 Y301.464
N22155 X396.33 Y301.786
N22160 X396.596 Y302.132
N22165 X396.83 Y302.5

N22170 G00 Z10.
N22175 X342.032 Y302.887
N22180 Z0.

N22185 G01 X342.198 Y303.29
N22190 X342.33 Y303.706
N22195 X342.424 Y304.132
N22200 X342.481 Y304.564
N22205 X342.5 Y305.
N22210 Y340.
N22215 X342.481 Y340.436
N22220 X342.424 Y340.868
N22225 X342.33 Y341.294
N22230 X342.198 Y341.71
N22235 X342.032 Y342.113
N22240 X341.83 Y342.5
N22245 X341.596 Y342.868
N22250 X341.33 Y343.214
N22255 X341.036 Y343.536
N22260 X340.714 Y343.83
N22265 X340.368 Y344.096
N22270 X340. Y344.33
N22275 X339.613 Y344.532
N22280 X339.21 Y344.698
N22285 X338.794 Y344.83
N22290 X338.368 Y344.924
N22295 X337.936 Y344.981
N22300 X337.5 Y345.
N22305 X302.5
N22310 X302.064 Y344.981
N22315 X301.632 Y344.924
N22320 X301.206 Y344.83
N22325 X300.79 Y344.698
N22330 X300.387 Y344.532
N22335 X300. Y344.33
N22340 X299.632 Y344.096
N22345 X299.286 Y343.83
N22350 X298.964 Y343.536
N22355 X298.67 Y343.214
N22360 X298.404 Y342.868
N22365 X298.17 Y342.5
N22370 X297.968 Y342.113
N22375 X297.802 Y341.71
N22380 X297.67 Y341.294
N22385 X297.576 Y340.868
N22390 X297.519 Y340.436
N22395 X297.5 Y340.
N22400 Y305.
N22405 X297.519 Y304.564
N22410 X297.576 Y304.132
N22415 X297.67 Y303.706
N22420 X297.802 Y303.29
N22425 X297.968 Y302.887
N22430 X298.17 Y302.5
N22435 X298.404 Y302.132
N22440 X298.67 Y301.786
N22445 X298.964 Y301.464
N22450 X299.286 Y301.17
N22455 X299.632 Y300.904
N22460 X300. Y300.67
N22465 X300.387 Y300.468
N22470 X300.79 Y300.302
N22475 X301.206 Y300.17
N22480 X301.632 Y300.076
N22485 X302.064 Y300.019
N22490 X302.5 Y300.
N22495 X337.5
N22500 X337.936 Y300.019
N22505 X338.368 Y300.076
N22510 X338.794 Y300.17
N22515 X339.21 Y300.302
N22520 X339.613 Y300.468
N22525 X340. Y300.67
N22530 X340.368 Y300.904
N22535 X340.714 Y301.17
N22540 X341.036 Y301.464
N22545 X341.33 Y301.786
N22550 X341.596 Y302.132
N22555 X341.83 Y302.5
N22560 X342.032 Y302.887

N22565 G00 Z10.
N22570 X287.032
N22575 Z0.

N22580 G01 X287.198 Y303.29
N22585 X287.33 Y303.706
N22590 X287.424 Y304.132
N22595 X287.481 Y304.564
N22600 X287.5 Y305.
N22605 Y340.
N22610 X287.481 Y340.436
N22615 X287.424 Y340.868
N22620 X287.33 Y341.294
N22625 X287.198 Y341.71
N22630 X287.032 Y342.113
N22635 X286.83 Y342.5
N22640 X286.596 Y342.868
N22645 X286.33 Y343.214
N22650 X286.036 Y343.536
N22655 X285.714 Y343.83
N22660 X285.368 Y344.096
N22665 X285. Y344.33
N22670 X284.613 Y344.532
N22675 X284.21 Y344.698
N22680 X283.794 Y344.83
N22685 X283.368 Y344.924
N22690 X282.936 Y344.981
N22695 X282.5 Y345.
N22700 X247.5
N22705 X247.064 Y344.981
N22710 X246.632 Y344.924
N22715 X246.206 Y344.83
N22720 X245.79 Y344.698
N22725 X245.387 Y344.532
N22730 X245. Y344.33
N22735 X244.632 Y344.096
N22740 X244.286 Y343.83
N22745 X243.964 Y343.536
N22750 X243.67 Y343.214
N22755 X243.404 Y342.868
N22760 X243.17 Y342.5
N22765 X242.968 Y342.113
N22770 X242.802 Y341.71
N22775 X242.67 Y341.294
N22780 X242.576 Y340.868
N22785 X242.519 Y340.436
N22790 X242.5 Y340.
N22795 Y305.
N22800 X242.519 Y304.564
N22805 X242.576 Y304.132
N22810 X242.67 Y303.706
N22815 X242.802 Y303.29
N22820 X242.968 Y302.887
N22825 X243.17 Y302.5
N22830 X243.404 Y302.132
N22835 X243.67 Y301.786
N22840 X243.964 Y301.464
N22845 X244.286 Y301.17
N22850 X244.632 Y300.904
N22855 X245. Y300.67
N22860 X245.387 Y300.468
N22865 X245.79 Y300.302
N22870 X246.206 Y300.17
N22875 X246.632 Y300.076
N22880 X247.064 Y300.019
N22885 X247.5 Y300.
N22890 X282.5
N22895 X282.936 Y300.019
N22900 X283.368 Y300.076
N22905 X283.794 Y300.17
N22910 X284.21 Y300.302
N22915 X284.613 Y300.468
N22920 X285. Y300.67
N22925 X285.368 Y300.904
N22930 X285.714 Y301.17
N22935 X286.036 Y301.464
N22940 X286.33 Y301.786
N22945 X286.596 Y302.132
N22950 X286.83 Y302.5
N22955 X287.032 Y302.887

N22960 G00 Z10.
N22965 X232.198 Y303.29
N22970 Z0.

N22975 G01 X232.33 Y303.706
N22980 X232.424 Y304.132
N22985 X232.481 Y304.564
N22990 X232.5 Y305.
N22995 Y340.
N23000 X232.481 Y340.436
N23005 X232.424 Y340.868
N23010 X232.33 Y341.294
N23015 X232.198 Y341.71
N23020 X232.032 Y342.113
N23025 X231.83 Y342.5
N23030 X231.596 Y342.868
N23035 X231.33 Y343.214
N23040 X231.036 Y343.536
N23045 X230.714 Y343.83
N23050 X230.368 Y344.096
N23055 X230. Y344.33
N23060 X229.613 Y344.532
N23065 X229.21 Y344.698
N23070 X228.794 Y344.83
N23075 X228.368 Y344.924
N23080 X227.936 Y344.981
N23085 X227.5 Y345.
N23090 X192.5
N23095 X192.064 Y344.981
N23100 X191.632 Y344.924
N23105 X191.206 Y344.83
N23110 X190.79 Y344.698
N23115 X190.387 Y344.532
N23120 X190. Y344.33
N23125 X189.632 Y344.096
N23130 X189.286 Y343.83
N23135 X188.964 Y343.536
N23140 X188.67 Y343.214
N23145 X188.404 Y342.868
N23150 X188.17 Y342.5
N23155 X187.968 Y342.113
N23160 X187.802 Y341.71
N23165 X187.67 Y341.294
N23170 X187.576 Y340.868
N23175 X187.519 Y340.436
N23180 X187.5 Y340.
N23185 Y305.
N23190 X187.519 Y304.564
N23195 X187.576 Y304.132
N23200 X187.67 Y303.706
N23205 X187.802 Y303.29
N23210 X187.968 Y302.887
N23215 X188.17 Y302.5
N23220 X188.404 Y302.132
N23225 X188.67 Y301.786
N23230 X188.964 Y301.464
N23235 X189.286 Y301.17
N23240 X189.632 Y300.904
N23245 X190. Y300.67
N23250 X190.387 Y300.468
N23255 X190.79 Y300.302
N23260 X191.206 Y300.17
N23265 X191.632 Y300.076
N23270 X192.064 Y300.019
N23275 X192.5 Y300.
N23280 X227.5
N23285 X227.936 Y300.019
N23290 X228.368 Y300.076
N23295 X228.794 Y300.17
N23300 X229.21 Y300.302
N23305 X229.613 Y300.468
N23310 X230. Y300.67
N23315 X230.368 Y300.904
N23320 X230.714 Y301.17
N23325 X231.036 Y301.464
N23330 X231.33 Y301.786
N23335 X231.596 Y302.132
N23340 X231.83 Y302.5
N23345 X232.032 Y302.887
N23350 X232.198 Y303.29

N23355 G00 Z10.
N23360 X177.198
N23365 Z0.

N23370 G01 X177.33 Y303.706
N23375 X177.424 Y304.132
N23380 X177.481 Y304.564
N23385 X177.5 Y305.
N23390 Y340.
N23395 X177.481 Y340.436
N23400 X177.424 Y340.868
N23405 X177.33 Y341.294
N23410 X177.198 Y341.71
N23415 X177.032 Y342.113
N23420 X176.83 Y342.5
N23425 X176.596 Y342.868
N23430 X176.33 Y343.214
N23435 X176.036 Y343.536
N23440 X175.714 Y343.83
N23445 X175.368 Y344.096
N23450 X175. Y344.33
N23455 X174.613 Y344.532
N23460 X174.21 Y344.698
N23465 X173.794 Y344.83
N23470 X173.368 Y344.924
N23475 X172.936 Y344.981
N23480 X172.5 Y345.
N23485 X137.5
N23490 X137.064 Y344.981
N23495 X136.632 Y344.924
N23500 X136.206 Y344.83
N23505 X135.79 Y344.698
N23510 X135.387 Y344.532
N23515 X135. Y344.33
N23520 X134.632 Y344.096
N23525 X134.286 Y343.83
N23530 X133.964 Y343.536
N23535 X133.67 Y343.214
N23540 X133.404 Y342.868
N23545 X133.17 Y342.5
N23550 X132.968 Y342.113
N23555 X132.802 Y341.71
N23560 X132.67 Y341.294
N23565 X132.576 Y340.868
N23570 X132.519 Y340.436
N23575 X132.5 Y340.
N23580 Y305.
N23585 X132.519 Y304.564
N23590 X132.576 Y304.132
N23595 X132.67 Y303.706
N23600 X132.802 Y303.29
N23605 X132.968 Y302.887
N23610 X133.17 Y302.5
N23615 X133.404 Y302.132
N23620 X133.67 Y301.786
N23625 X133.964 Y301.464
N23630 X134.286 Y301.17
N23635 X134.632 Y300.904
N23640 X135. Y300.67
N23645 X135.387 Y300.468
N23650 X135.79 Y300.302
N23655 X136.206 Y300.17
N23660 X136.632 Y300.076
N23665 X137.064 Y300.019
N23670 X137.5 Y300.
N23675 X172.5
N23680 X172.936 Y300.019
N23685 X173.368 Y300.076
N23690 X173.794 Y300.17
N23695 X174.21 Y300.302
N23700 X174.613 Y300.468
N23705 X175. Y300.67
N23710 X175.368 Y300.904
N23715 X175.714 Y301.17
N23720 X176.036 Y301.464
N23725 X176.33 Y301.786
N23730 X176.596 Y302.132
N23735 X176.83 Y302.5
N23740 X177.032 Y302.887
N23745 X177.198 Y303.29

N23750 G00 Z10.
N23755 X122.198
N23760 Z0.

N23765 G01 X122.33 Y303.706
N23770 X122.424 Y304.132
N23775 X122.481 Y304.564
N23780 X122.5 Y305.
N23785 Y340.
N23790 X122.481 Y340.436
N23795 X122.424 Y340.868
N23800 X122.33 Y341.294
N23805 X122.198 Y341.71
N23810 X122.032 Y342.113
N23815 X121.83 Y342.5
N23820 X121.596 Y342.868
N23825 X121.33 Y343.214
N23830 X121.036 Y343.536
N23835 X120.714 Y343.83
N23840 X120.368 Y344.096
N23845 X120. Y344.33
N23850 X119.613 Y344.532
N23855 X119.21 Y344.698
N23860 X118.794 Y344.83
N23865 X118.368 Y344.924
N23870 X117.936 Y344.981
N23875 X117.5 Y345.
N23880 X82.5
N23885 X82.064 Y344.981
N23890 X81.632 Y344.924
N23895 X81.206 Y344.83
N23900 X80.79 Y344.698
N23905 X80.387 Y344.532
N23910 X80. Y344.33
N23915 X79.632 Y344.096
N23920 X79.286 Y343.83
N23925 X78.965 Y343.536
N23930 X78.67 Y343.214
N23935 X78.404 Y342.868
N23940 X78.17 Y342.5
N23945 X77.968 Y342.113
N23950 X77.801 Y341.71
N23955 X77.67 Y341.294
N23960 X77.576 Y340.868
N23965 X77.519 Y340.436
N23970 X77.5 Y340.
N23975 Y305.
N23980 X77.519 Y304.564
N23985 X77.576 Y304.132
N23990 X77.67 Y303.706
N23995 X77.801 Y303.29
N24000 X77.968 Y302.887
N24005 X78.17 Y302.5
N24010 X78.404 Y302.132
N24015 X78.67 Y301.786
N24020 X78.965 Y301.464
N24025 X79.286 Y301.17
N24030 X79.632 Y300.904
N24035 X80. Y300.67
N24040 X80.387 Y300.468
N24045 X80.79 Y300.302
N24050 X81.206 Y300.17
N24055 X81.632 Y300.076
N24060 X82.064 Y300.019
N24065 X82.5 Y300.
N24070 X117.5
N24075 X117.936 Y300.019
N24080 X118.368 Y300.076
N24085 X118.794 Y300.17
N24090 X119.21 Y300.302
N24095 X119.613 Y300.468
N24100 X120. Y300.67
N24105 X120.368 Y300.904
N24110 X120.714 Y301.17
N24115 X121.036 Y301.464
N24120 X121.33 Y301.786
N24125 X121.596 Y302.132
N24130 X121.83 Y302.5
N24135 X122.032 Y302.887
N24140 X122.198 Y303.29

N24145 G00 Z10.
N24150 X67.33 Y303.706
N24155 Z0.

N24160 G01 X67.424 Y304.132
N24165 X67.481 Y304.564
N24170 X67.5 Y305.
N24175 Y340.
N24180 X67.481 Y340.436
N24185 X67.424 Y340.868
N24190 X67.33 Y341.294
N24195 X67.199 Y341.71
N24200 X67.032 Y342.113
N24205 X66.83 Y342.5
N24210 X66.596 Y342.868
N24215 X66.33 Y343.214
N24220 X66.035 Y343.536
N24225 X65.714 Y343.83
N24230 X65.368 Y344.096
N24235 X65. Y344.33
N24240 X64.613 Y344.532
N24245 X64.21 Y344.698
N24250 X63.794 Y344.83
N24255 X63.368 Y344.924
N24260 X62.936 Y344.981
N24265 X62.5 Y345.
N24270 X27.5
N24275 X27.064 Y344.981
N24280 X26.632 Y344.924
N24285 X26.206 Y344.83
N24290 X25.79 Y344.698
N24295 X25.387 Y344.532
N24300 X25. Y344.33
N24305 X24.632 Y344.096
N24310 X24.286 Y343.83
N24315 X23.965 Y343.536
N24320 X23.67 Y343.214
N24325 X23.404 Y342.868
N24330 X23.17 Y342.5
N24335 X22.969 Y342.113
N24340 X22.802 Y341.71
N24345 X22.67 Y341.294
N24350 X22.576 Y340.868
N24355 X22.519 Y340.436
N24360 X22.5 Y340.
N24365 Y305.
N24370 X22.519 Y304.564
N24375 X22.576 Y304.132
N24380 X22.67 Y303.706
N24385 X22.802 Y303.29
N24390 X22.969 Y302.887
N24395 X23.17 Y302.5
N24400 X23.404 Y302.132
N24405 X23.67 Y301.786
N24410 X23.965 Y301.464
N24415 X24.286 Y301.17
N24420 X24.632 Y300.904
N24425 X25. Y300.67
N24430 X25.387 Y300.468
N24435 X25.79 Y300.302
N24440 X26.206 Y300.17
N24445 X26.632 Y300.076
N24450 X27.064 Y300.019
N24455 X27.5 Y300.
N24460 X62.5
N24465 X62.936 Y300.019
N24470 X63.368 Y300.076
N24475 X63.794 Y300.17
N24480 X64.21 Y300.302
N24485 X64.613 Y300.468
N24490 X65. Y300.67
N24495 X65.368 Y300.904
N24500 X65.714 Y301.17
N24505 X66.035 Y301.464
N24510 X66.33 Y301.786
N24515 X66.596 Y302.132
N24520 X66.83 Y302.5
N24525 X67.032 Y302.887
N24530 X67.199 Y303.29
N24535 X67.33 Y303.706
N24540 G00 Z100.

N40655 M09
N40660 M05
N40670 G49
N40680 M30
%
